blockfacename,paidparkingarea,avg_occupancy,peak_hour_occupancy,spaces,hours_over_target,hours_under_target,hours_on_target,mean_adjustment,max_adjustment,min_adjustment,peak_hour,primary_action,paidparkingsubarea,lat,lon,time_limit,n_meters
12TH AVE BETWEEN E BARCLAY CT AND E JAMES CT,12th Avenue,0.303,0.551,10.0,0,12,0,-1.667,-0.5,-2.0,12,decrease,,47.60712077,-122.316780185,120.0,2
12TH AVE BETWEEN E CHERRY ST AND E COLUMBIA ST,12th Avenue,0.168,0.252,12.0,0,12,0,-2.0,-2.0,-2.0,10,decrease,,47.608644055,-122.316779945,120.0,2
12TH AVE BETWEEN E COLUMBIA ST AND E MARION ST,12th Avenue,0.273,0.434,14.0,0,12,0,-1.854,-1.25,-2.0,19,decrease,,47.60982038,-122.31677966,120.0,2
12TH AVE BETWEEN E JAMES CT AND E CHERRY ST,12th Avenue,0.21,0.359,3.0,0,12,0,-1.958,-1.5,-2.0,12,decrease,,47.60770872,-122.3168854,120.0,1
12TH AVE BETWEEN E JEFFERSON ST AND E BARCLAY CT,12th Avenue,0.281,0.448,6.0,0,12,0,-1.792,-1.25,-2.0,12,decrease,,47.606539445,-122.316780375,120.0,2
12TH AVE BETWEEN E MARION ST AND E SPRING ST,12th Avenue,0.235,0.45,16.0,0,12,0,-1.833,-1.25,-2.0,18,decrease,,47.61099252,-122.31679128,120.0,2
12TH AVE BETWEEN E SPRING ST AND E MADISON ST,12th Avenue,0.307,0.627,7.0,0,12,0,-1.667,-0.25,-2.0,19,decrease,,47.61220999,-122.316785075,120.0,2
15TH AVE E BETWEEN E DENNY WAY AND E JOHN SR ST,15th Avenue E,0.348,0.476,14.0,0,12,0,-1.562,-1.0,-2.0,19,decrease,,47.61909083,-122.312736455,120.0,2
15TH AVE E BETWEEN E HARRISON N ST AND E REPUBLICAN S ST,15th Avenue E,0.343,0.539,12.0,0,12,0,-1.583,-0.75,-2.0,19,decrease,,47.622593905,-122.312636535,120.0,2
15TH AVE E BETWEEN E REPUBLICAN N ST AND E MERCER S ST,15th Avenue E,0.3,0.394,18.0,0,12,0,-1.75,-1.5,-2.0,19,decrease,,47.62375522,-122.31262724,120.0,2
15TH AVE E BETWEEN E THOMAS N ST AND E HARRISON S ST,15th Avenue E,0.559,0.661,7.0,0,12,0,-0.583,-0.25,-2.0,18,decrease,,47.62153917,-122.312659955,120.0,2
15TH AVE E BETWEEN E THOMAS S ST AND E THOMAS N ST,15th Avenue E,0.325,0.453,3.0,0,12,0,-1.708,-1.0,-2.0,15,decrease,,47.620817625,-122.31269608,120.0,2
16TH AVE E BETWEEN E DENNY WAY AND E JOHN ST,15th Avenue E,0.319,0.452,5.0,0,12,0,-1.688,-1.0,-2.0,15,decrease,,47.61909629,-122.31147313,120.0,1
16TH AVE E BETWEEN E JOHN ST AND E THOMAS ST,15th Avenue E,0.312,0.416,7.0,0,12,0,-1.792,-1.25,-2.0,9,decrease,,47.62008696,-122.31144321,120.0,1
E DENNY WAY BETWEEN 15TH AVE AND 16TH AVE,15th Avenue E,0.225,0.303,4.0,0,12,0,-1.979,-1.75,-2.0,19,decrease,,47.6185543,-122.31209469,120.0,1
E REPUBLICAN ST BETWEEN 15TH N AVE E AND 16TH AVE E,15th Avenue E,0.347,0.583,5.0,0,12,0,-1.5,-0.5,-2.0,19,decrease,,47.62326036,-122.311983705,120.0,2
E THOMAS ST BETWEEN 15TH S AVE E AND 16TH AVE E,15th Avenue E,0.531,0.691,2.0,0,12,0,-0.729,-0.25,-1.5,11,decrease,,47.62055062,-122.31204969,120.0,1
20TH AVE NW BETWEEN NW MARKET ST AND NW 56TH ST,Ballard,0.688,0.916,7.0,3,6,3,-0.271,0.25,-1.75,18,decrease,Edge,47.66906738,-122.38212831,240.0,2
20TH AVE NW BETWEEN RUSSELL AVE NW AND NW MARKET ST,Ballard,0.517,0.7,12.0,0,12,0,-0.833,-0.25,-2.0,19,decrease,Edge,47.66831505,-122.382130495,240.0,2
22ND AVE NW BETWEEN BALLARD AVE NW AND NW MARKET ST,Ballard,0.593,0.794,16.0,0,7,5,-0.5,0.0,-2.0,13,decrease,Core,47.66818396,-122.384745545,120.0,2
22ND AVE NW BETWEEN NW 56TH ST AND NW 57TH ST,Ballard,0.497,0.626,11.0,0,12,0,-0.812,-0.25,-2.0,18,decrease,Edge,47.669836385,-122.38474056,240.0,2
22ND AVE NW BETWEEN NW 57TH ST AND NW 58TH ST,Ballard,0.374,0.6,5.0,0,12,0,-1.354,-0.5,-2.0,19,decrease,Edge,47.67054627,-122.3847959,240.0,1
22ND AVE NW BETWEEN NW MARKET ST AND NW 56TH ST,Ballard,0.482,0.63,8.0,0,12,0,-1.0,-0.25,-1.75,18,decrease,Core,47.66908539,-122.38474401,120.0,2
22ND AVE NW BETWEEN SHILSHOLE AVE NW AND BALLARD AVE NW,Ballard,0.466,0.653,16.0,0,12,0,-0.854,-0.25,-2.0,18,decrease,Edge,47.66714456,-122.38474335,240.0,2
24TH AVE NW BETWEEN NW 56TH ST AND NW 57TH ST,Ballard,0.186,0.417,1.0,0,12,0,-1.854,-1.25,-2.0,17,decrease,Edge,47.66983204,-122.38746554,240.0,1
24TH AVE NW BETWEEN NW 57TH ST AND NW 58TH ST,Ballard,0.37,0.496,10.0,0,12,0,-1.542,-1.0,-2.0,18,decrease,Edge,47.670550335,-122.387587345,240.0,2
24TH AVE NW BETWEEN NW 58TH ST AND NW 59TH ST,Ballard,0.402,0.507,10.0,0,12,0,-1.333,-0.75,-2.0,10,decrease,Edge,47.67127935,-122.387587305,240.0,2
24TH AVE NW BETWEEN NW 59TH ST AND NW 60TH ST,Ballard,0.126,0.203,5.0,0,12,0,-2.0,-2.0,-2.0,19,decrease,Edge,47.67200823,-122.38746542,240.0,1
BALLARD AVE NW BETWEEN 20TH AVE NW AND NW VERNON PL,Ballard,0.517,0.647,7.0,0,12,0,-0.75,-0.25,-2.0,19,decrease,Core,47.66598255,-122.382695995,120.0,2
BALLARD AVE NW BETWEEN 22ND AVE NW AND NW MARKET ST,Ballard,0.444,0.61,33.0,0,12,0,-0.979,-0.25,-2.0,12,decrease,Core,47.66816215,-122.385613095,120.0,2
BALLARD AVE NW BETWEEN NW DOCK PL AND NW IONE PL,Ballard,0.538,0.781,7.0,0,10,2,-0.667,0.0,-2.0,18,decrease,Edge,47.66478037,-122.381283145,240.0,2
BALLARD AVE NW BETWEEN NW VERNON PL AND 22ND AVE NW,Ballard,0.505,0.66,25.0,0,12,0,-0.792,-0.25,-2.0,18,decrease,Core,47.667058495000006,-122.383964045,120.0,2
BARNES AVE NW BETWEEN 17TH AVE NW AND NW MARKET ST,Ballard,0.4,0.587,25.0,0,12,0,-1.271,-0.5,-2.0,14,decrease,Edge,47.668073835,-122.3796459,240.0,2
LEARY AVE NW BETWEEN NW VERNON PL AND NW MARKET ST,Ballard,0.404,0.574,24.0,0,12,0,-1.312,-0.5,-2.0,18,decrease,Core,47.667815195,-122.38347606,120.0,2
NW 56TH ST BETWEEN 20TH AVE NW AND 22ND AVE NW,Ballard,0.305,0.64,28.0,0,12,0,-1.583,-0.25,-2.0,18,decrease,Edge,47.669444905000006,-122.383428605,240.0,2
NW 56TH ST BETWEEN 22ND AVE NW AND 24TH AVE NW,Ballard,0.482,0.585,23.0,0,12,0,-0.917,-0.5,-2.0,18,decrease,Edge,47.66945186,-122.38617205,240.0,2
NW 57TH ST BETWEEN 22ND AVE NW AND 24TH AVE NW,Ballard,0.436,0.574,26.0,0,12,0,-1.104,-0.5,-2.0,18,decrease,Edge,47.670164595,-122.386152855,240.0,2
NW 58TH ST BETWEEN 22ND AVE NW AND 24TH AVE NW,Ballard,0.208,0.311,23.0,0,12,0,-1.979,-1.75,-2.0,19,decrease,Edge,47.67087857,-122.38616303,240.0,1
NW MARKET ST BETWEEN 15TH AVE NW AND 17TH AVE NW,Ballard,0.291,0.381,5.0,0,12,0,-1.792,-1.5,-2.0,12,decrease,Edge,47.66858971,-122.37758407,240.0,1
NW MARKET ST BETWEEN 17TH AVE NW AND BARNES AVE NW,Ballard,0.366,0.436,17.0,0,12,0,-1.562,-1.25,-2.0,14,decrease,Edge,47.668672095,-122.379600845,240.0,2
NW MARKET ST BETWEEN 20TH AVE NW AND RUSSELL AVE NW,Ballard,0.63,0.758,4.0,0,8,4,-0.354,0.0,-1.5,13,decrease,Core,47.668676305000005,-122.382636,120.0,2
NW MARKET ST BETWEEN 24TH AVE NW AND 26TH AVE NW,Ballard,0.424,0.513,29.0,0,12,0,-1.229,-0.75,-2.0,11,decrease,Edge,47.668673375,-122.388907305,240.0,2
NW MARKET ST BETWEEN BALLARD AVE NW AND 24TH AVE NW,Ballard,0.458,0.673,6.0,0,12,0,-0.917,-0.25,-2.0,12,decrease,Core,47.66859715,-122.38697004,120.0,1
NW MARKET ST BETWEEN BARNES AVE NW AND TALLMAN AVE NW,Ballard,0.184,0.26,14.0,0,12,0,-2.0,-2.0,-2.0,19,decrease,Edge,47.66867411,-122.38094326,240.0,2
NW MARKET ST BETWEEN LEARY AVE NW AND BALLARD AVE NW,Ballard,0.513,0.783,4.0,0,11,1,-0.875,0.0,-2.0,19,decrease,Core,47.66876144,-122.38557075,120.0,1
NW MARKET ST BETWEEN RUSSELL AVE NW AND LEARY AVE NW,Ballard,0.514,0.614,14.0,0,12,0,-0.812,-0.25,-2.0,18,decrease,Core,47.668677535,-122.38387403,120.0,2
NW VERNON PL BETWEEN BALLARD AVE NW AND SHILSHOLE AVE NW,Ballard,0.58,0.705,13.0,0,11,1,-0.521,0.0,-2.0,19,decrease,Edge,47.666138005,-122.383655645,240.0,2
NW VERNON PL BETWEEN LEARY AVE NW AND BALLARD AVE NW,Ballard,0.81,0.948,12.0,7,2,3,0.0,0.25,-1.25,15,hold,Edge,47.66660627,-122.382816205,240.0,2
RUSSELL AVE NW BETWEEN 20TH AVE NW AND NW MARKET ST,Ballard,0.4,0.587,24.0,0,12,0,-1.188,-0.5,-2.0,19,decrease,Edge,47.668302800000006,-122.38267342,240.0,2
TALLMAN AVE NW BETWEEN NW CENTRAL PL AND NW MARKET ST,Ballard,0.538,0.687,30.0,0,12,0,-0.708,-0.25,-1.5,10,decrease,Edge,47.667921685,-122.38084224,240.0,2
TALLMAN AVE NW BETWEEN NW IONE PL AND NW CENTRAL PL,Ballard,0.42,0.63,15.0,0,12,0,-1.229,-0.25,-2.0,10,decrease,Edge,47.66689946,-122.37963364,240.0,2
14TH AVE NW BETWEEN NW 46TH ST AND NW BALLARD WAY,Ballard Blocks,0.394,0.614,4.0,0,12,0,-1.25,-0.25,-2.0,15,decrease,,47.66256564,-122.37374114,120.0,1
NW 46TH ST BETWEEN 14TH AVE NW AND 15TH NB AVE NW,Ballard Blocks,0.242,0.326,25.0,0,12,0,-1.958,-1.75,-2.0,13,decrease,,47.66220361,-122.374849525,120.0,2
NW BALLARD WAY BETWEEN 14TH AVE NW AND BALLARD BR OFF RP,Ballard Blocks,0.174,0.229,41.0,0,12,0,-2.0,-2.0,-2.0,11,decrease,,47.662937385,-122.37485487,120.0,2
NW 54TH SR ST BETWEEN 32ND AVE NW AND NW 54TH ST,Ballard Locks,0.196,0.398,12.0,0,12,0,-1.833,-1.5,-2.0,14,decrease,,47.66736671,-122.39902362,240.0,1
NW 54TH SR ST BETWEEN NW 54TH ST AND 32ND AVE NW,Ballard Locks,0.611,0.878,72.0,2,6,4,-0.5,0.25,-2.0,13,decrease,,47.6674708,-122.39716414,240.0,2
1ST AVE BETWEEN BATTERY ST AND WALL ST,Belltown,0.478,0.652,14.0,0,12,0,-0.875,-0.25,-2.0,18,decrease,North,47.61443213,-122.34830948,240.0,2
1ST AVE BETWEEN BELL ST AND BATTERY ST,Belltown,0.673,0.953,13.0,2,3,7,-0.333,0.5,-2.0,13,decrease,North,47.61376928999999,-122.347182825,240.0,2
1ST AVE BETWEEN BLANCHARD ST AND BELL ST,Belltown,0.235,0.391,25.0,0,12,0,-1.854,-1.5,-2.0,18,decrease,South,47.613000715,-122.34587985,120.0,2
1ST AVE BETWEEN BROAD ST AND EAGLE ST,Belltown,0.167,0.311,7.0,0,12,0,-1.958,-1.75,-2.0,12,decrease,North,47.61738742,-122.3531291,240.0,1
1ST AVE BETWEEN CEDAR ST AND CLAY ST,Belltown,0.331,0.503,10.0,0,12,0,-1.542,-0.75,-2.0,12,decrease,North,47.616091215,-122.351105735,240.0,2
1ST AVE BETWEEN CLAY ST AND BROAD ST,Belltown,0.328,0.436,13.0,0,12,0,-1.646,-1.25,-2.0,11,decrease,North,47.616647775,-122.352048,240.0,2
1ST AVE BETWEEN LENORA ST AND BLANCHARD ST,Belltown,0.636,0.771,18.0,0,10,2,-0.396,0.0,-1.75,19,decrease,South,47.612235255,-122.3445884,120.0,2
1ST AVE BETWEEN STEWART ST AND VIRGINIA ST,Belltown,0.621,0.72,19.0,0,9,3,-0.396,0.0,-1.5,13,decrease,South,47.61068343,-122.341961725,120.0,2
1ST AVE BETWEEN VINE ST AND CEDAR ST,Belltown,0.298,0.455,12.0,0,12,0,-1.708,-1.0,-2.0,18,decrease,North,47.615535115,-122.350168515,240.0,2
1ST AVE BETWEEN VIRGINIA ST AND LENORA ST,Belltown,0.644,0.809,15.0,0,7,5,-0.396,0.0,-1.5,12,decrease,South,47.611469625,-122.34327541,120.0,2
1ST AVE BETWEEN WALL ST AND VINE ST,Belltown,0.464,0.789,6.0,0,10,2,-1.0,0.0,-2.0,18,decrease,North,47.61504371,-122.34916205,240.0,1
1ST AVE BETWEEN WARREN PL AND BAY ST,Belltown,0.216,0.456,7.0,0,12,0,-1.833,-1.0,-2.0,18,decrease,North,47.61823252,-122.35456852,240.0,1
2ND AVE BETWEEN BATTERY ST AND WALL ST,Belltown,0.353,0.663,10.0,0,12,0,-1.417,-0.25,-2.0,19,decrease,North,47.61506604,-122.347388425,240.0,2
2ND AVE BETWEEN BELL ST AND BATTERY ST,Belltown,0.601,0.754,20.0,0,8,4,-0.458,0.0,-2.0,13,decrease,North,47.614391075,-122.346256845,240.0,2
2ND AVE BETWEEN BLANCHARD ST AND BELL ST,Belltown,0.325,0.521,9.0,0,12,0,-1.625,-0.75,-2.0,19,decrease,South,47.613629295,-122.344962135,120.0,2
2ND AVE BETWEEN BROAD ST AND 2ND WR AVE,Belltown,0.434,0.536,12.0,0,12,0,-1.188,-0.75,-2.0,11,decrease,North,47.6179223,-122.35224033,240.0,2
2ND AVE BETWEEN CEDAR ST AND CLAY ST,Belltown,0.146,0.215,12.0,0,12,0,-2.0,-2.0,-2.0,14,decrease,North,47.6167289,-122.35020653,240.0,2
2ND AVE BETWEEN CLAY ST AND BROAD ST,Belltown,0.272,0.434,7.0,0,12,0,-1.875,-1.25,-2.0,10,decrease,North,47.617291435,-122.351157955,240.0,2
2ND AVE BETWEEN LENORA ST AND BLANCHARD ST,Belltown,0.399,0.552,9.0,0,12,0,-1.292,-0.5,-2.0,12,decrease,South,47.61293327,-122.3436157,120.0,1
2ND AVE BETWEEN STEWART ST AND VIRGINIA ST,Belltown,0.322,0.453,21.0,0,12,0,-1.667,-1.0,-2.0,13,decrease,South,47.6113408,-122.341101605,120.0,2
2ND AVE BETWEEN VINE ST AND CEDAR ST,Belltown,0.257,0.435,11.0,0,12,0,-1.833,-1.25,-2.0,11,decrease,North,47.616189585,-122.34928551,240.0,2
2ND AVE BETWEEN VIRGINIA ST AND LENORA ST,Belltown,0.447,0.563,10.0,0,12,0,-1.125,-0.5,-2.0,12,decrease,South,47.6121099,-122.342399,120.0,2
2ND AVE BETWEEN WALL ST AND VINE ST,Belltown,0.521,0.65,18.0,0,12,0,-0.792,-0.25,-2.0,11,decrease,North,47.615640745,-122.34836971,240.0,2
3RD AVE BETWEEN BATTERY ST AND WALL ST,Belltown,0.388,0.468,13.0,0,12,0,-1.375,-1.0,-2.0,18,decrease,North,47.61575654,-122.346560315,240.0,2
3RD AVE BETWEEN BELL ST AND BATTERY ST,Belltown,0.472,0.608,7.0,0,12,0,-1.021,-0.25,-1.5,11,decrease,North,47.61500973,-122.34549499,240.0,1
3RD AVE BETWEEN BLANCHARD ST AND BELL ST,Belltown,0.265,0.414,16.0,0,12,0,-1.917,-1.25,-2.0,19,decrease,South,47.61432061,-122.34413793,120.0,2
3RD AVE BETWEEN CEDAR ST AND CLAY ST,Belltown,0.419,0.533,14.0,0,12,0,-1.25,-0.75,-2.0,11,decrease,North,47.617414795,-122.34936562,240.0,2
3RD AVE BETWEEN CLAY ST AND BROAD ST,Belltown,0.391,0.474,16.0,0,12,0,-1.375,-1.0,-2.0,14,decrease,North,47.617963,-122.350299225,240.0,2
3RD AVE BETWEEN LENORA ST AND BLANCHARD ST,Belltown,0.188,0.281,15.0,0,12,0,-2.0,-2.0,-2.0,19,decrease,South,47.61355128,-122.34283676,120.0,2
3RD AVE BETWEEN STEWART ST AND VIRGINIA ST,Belltown,0.505,0.683,3.0,0,12,0,-0.833,-0.25,-2.0,13,decrease,South,47.61195283,-122.34031804,120.0,1
3RD AVE BETWEEN WALL ST AND VINE ST,Belltown,0.338,0.531,19.0,0,12,0,-1.583,-0.75,-2.0,18,decrease,North,47.616306985,-122.347491565,240.0,2
4TH AVE BETWEEN BATTERY ST AND WALL ST,Belltown,0.52,0.662,9.0,0,12,0,-0.792,-0.25,-2.0,13,decrease,North,47.61648112,-122.34561889,240.0,1
4TH AVE BETWEEN BELL ST AND BATTERY ST,Belltown,0.375,0.532,13.0,0,12,0,-1.438,-0.75,-2.0,18,decrease,North,47.61575276,-122.34457192,240.0,2
4TH AVE BETWEEN BLANCHARD ST AND BELL ST,Belltown,0.326,0.375,23.0,0,12,0,-1.708,-1.5,-2.0,19,decrease,South,47.614966455,-122.343268835,120.0,2
4TH AVE BETWEEN CEDAR ST AND CLAY ST,Belltown,0.567,0.751,7.0,0,10,2,-0.604,0.0,-2.0,11,decrease,North,47.61807747500001,-122.34851949,240.0,2
4TH AVE BETWEEN LENORA ST AND BLANCHARD ST,Belltown,0.498,0.592,14.0,0,12,0,-0.875,-0.5,-1.75,19,decrease,South,47.614215735,-122.341974275,120.0,2
4TH AVE BETWEEN STEWART ST AND VIRGINIA ST,Belltown,0.366,0.558,6.0,0,12,0,-1.542,-0.5,-2.0,18,decrease,South,47.61261182,-122.33945509,120.0,1
4TH AVE BETWEEN VINE ST AND CEDAR ST,Belltown,0.342,0.512,12.0,0,12,0,-1.562,-0.75,-2.0,12,decrease,North,47.617516890000005,-122.347561765,240.0,2
4TH AVE BETWEEN VIRGINIA ST AND LENORA ST,Belltown,0.351,0.444,8.0,0,12,0,-1.542,-1.25,-2.0,18,decrease,South,47.613448695,-122.340686065,120.0,2
4TH AVE BETWEEN WALL ST AND VINE ST,Belltown,0.491,0.573,12.0,0,12,0,-0.917,-0.5,-2.0,11,decrease,North,47.6169586,-122.34662982,240.0,2
5TH AVE BETWEEN BATTERY ST AND WALL ST,Belltown,0.55,0.772,18.0,0,9,3,-0.729,0.0,-1.5,13,decrease,North,47.617086085,-122.344837065,240.0,2
5TH AVE BETWEEN BELL ST AND BATTERY ST,Belltown,0.709,0.881,25.0,3,6,3,-0.167,0.25,-1.0,13,hold,North,47.616415445,-122.343706455,240.0,2
5TH AVE BETWEEN BLANCHARD ST AND BELL ST,Belltown,0.39,0.526,23.0,0,12,0,-1.417,-0.75,-2.0,18,decrease,South,47.615648065,-122.3424234,120.0,2
5TH AVE BETWEEN LENORA ST AND BLANCHARD ST,Belltown,0.384,0.626,17.0,0,12,0,-1.396,-0.25,-2.0,19,decrease,South,47.61487803,-122.341120475,120.0,2
5TH AVE BETWEEN STEWART ST AND VIRGINIA ST,Belltown,0.396,0.513,14.0,0,12,0,-1.333,-0.75,-2.0,12,decrease,South,47.61335137499999,-122.338513605,120.0,2
5TH AVE BETWEEN TAYLOR AVE AND DENNY WAY,Belltown,0.51,0.724,8.0,0,11,1,-0.812,0.0,-2.0,12,decrease,North,47.61833045,-122.34697587,240.0,2
5TH AVE BETWEEN VIRGINIA ST AND LENORA ST,Belltown,0.37,0.5,24.0,0,12,0,-1.458,-0.75,-2.0,18,decrease,South,47.614112755,-122.339813715,120.0,2
5TH AVE BETWEEN WALL ST AND VINE ST,Belltown,0.341,0.524,16.0,0,12,0,-1.604,-0.75,-2.0,12,decrease,North,47.61763782,-122.345769955,240.0,2
ALASKAN WAY BETWEEN BLANCHARD ST AND XW BELL ST,Belltown,0.105,0.363,12.0,0,12,0,-1.938,-1.5,-2.0,18,decrease,South,47.61117107,-122.34809425,120.0,1
ALASKAN WAY BETWEEN CLAY ST AND BROAD ST,Belltown,0.568,0.738,6.0,0,10,2,-0.604,0.0,-2.0,11,decrease,North,47.61461633,-122.35452821,240.0,1
ALASKAN WAY BETWEEN LENORA ST AND BLANCHARD ST,Belltown,0.396,0.53,15.0,0,12,0,-1.354,-0.75,-2.0,14,decrease,South,47.610335005,-122.3468842,120.0,2
ALASKAN WAY BETWEEN VINE ST AND CLAY ST,Belltown,0.376,0.569,15.0,0,12,0,-1.333,-0.5,-2.0,15,decrease,North,47.613851195,-122.353071225,240.0,2
ALASKAN WAY BETWEEN VIRGINIA ST AND LENORA ST,Belltown,0.323,0.472,21.0,0,12,0,-1.625,-1.0,-2.0,19,decrease,South,47.609588665,-122.34561254,120.0,2
ALASKAN WAY BETWEEN XW BELL ST AND WALL ST,Belltown,0.184,0.579,8.0,0,12,0,-1.625,-0.5,-2.0,18,decrease,North,47.61220724,-122.34987647,240.0,1
BATTERY ST BETWEEN 1ST AVE AND 2ND AVE,Belltown,0.459,0.621,25.0,0,12,0,-0.979,-0.25,-2.0,17,decrease,North,47.614489075,-122.34737247,240.0,2
BATTERY ST BETWEEN 2ND AVE AND 3RD AVE,Belltown,0.261,0.382,16.0,0,12,0,-1.854,-1.5,-2.0,19,decrease,North,47.615131885,-122.346535595,240.0,2
BATTERY ST BETWEEN 3RD AVE AND 4TH AVE,Belltown,0.217,0.41,6.0,0,12,0,-1.875,-1.25,-2.0,12,decrease,North,47.615831275000005,-122.34563104,240.0,2
BATTERY ST BETWEEN 4TH AVE AND 5TH AVE,Belltown,0.401,0.52,12.0,0,12,0,-1.396,-0.75,-2.0,11,decrease,North,47.616468935,-122.34480644,240.0,2
BATTERY ST BETWEEN 5TH AVE AND AURORA AVE,Belltown,0.564,0.866,10.0,1,8,3,-0.708,0.25,-1.75,13,decrease,North,47.61713906,-122.34395068,240.0,2
BATTERY ST BETWEEN ELLIOTT AVE AND WESTERN AVE,Belltown,0.507,0.725,11.0,0,10,2,-0.833,0.0,-2.0,13,decrease,North,47.613162745,-122.3490801,240.0,2
BAY ST BETWEEN WESTERN AVE AND 1ST AVE,Belltown,0.238,0.366,10.0,0,12,0,-1.917,-1.5,-2.0,12,decrease,North,47.618126775,-122.355573505,240.0,2
BELL ST BETWEEN 3RD AVE AND 4TH AVE,Belltown,0.319,0.416,2.0,0,12,0,-1.75,-1.25,-2.0,13,decrease,South,47.61501529,-122.34425708,120.0,1
BELL ST BETWEEN 4TH AVE AND 5TH AVE,Belltown,0.149,0.229,5.0,0,12,0,-2.0,-2.0,-2.0,12,decrease,South,47.61568046,-122.34339648,120.0,1
BELL ST BETWEEN 5TH AVE AND 6TH AVE,Belltown,0.158,0.236,8.0,0,12,0,-2.0,-2.0,-2.0,14,decrease,South,47.61642924,-122.34267545,120.0,1
BELL ST BETWEEN WESTERN AVE AND 1ST AVE,Belltown,0.209,0.44,6.0,0,12,0,-1.812,-1.25,-2.0,17,decrease,South,47.61302495,-122.34684189,120.0,1
BLANCHARD ST BETWEEN 1ST AVE AND 2ND AVE,Belltown,0.195,0.343,21.0,0,12,0,-1.938,-1.75,-2.0,19,decrease,South,47.61296148,-122.344754055,120.0,2
BLANCHARD ST BETWEEN 2ND AVE AND 3RD AVE,Belltown,0.15,0.268,19.0,0,12,0,-2.0,-2.0,-2.0,19,decrease,South,47.613620005,-122.343905155,120.0,2
BLANCHARD ST BETWEEN 3RD AVE AND 4TH AVE,Belltown,0.245,0.365,14.0,0,12,0,-1.958,-1.5,-2.0,18,decrease,South,47.61429859,-122.343024675,120.0,2
BLANCHARD ST BETWEEN 4TH AVE AND 5TH AVE,Belltown,0.548,0.719,10.0,0,10,2,-0.708,0.0,-1.25,19,decrease,South,47.614959955,-122.34216925,120.0,2
BLANCHARD ST BETWEEN 5TH AVE AND 6TH AVE,Belltown,0.326,0.561,7.0,0,12,0,-1.667,-0.5,-2.0,18,decrease,South,47.61566637,-122.34138494,120.0,1
BLANCHARD ST BETWEEN WESTERN AVE AND 1ST AVE,Belltown,0.392,0.583,12.0,0,12,0,-1.25,-0.5,-2.0,12,decrease,South,47.612293585,-122.345617555,120.0,2
BROAD ST BETWEEN 2ND AVE AND 3RD AVE,Belltown,0.499,0.569,6.0,0,12,0,-0.833,-0.5,-1.75,13,decrease,North,47.61796364,-122.35129465,240.0,1
BROAD ST BETWEEN WESTERN AVE AND 1ST AVE,Belltown,0.39,0.528,5.0,0,12,0,-1.354,-0.75,-2.0,12,decrease,North,47.61664133,-122.35303647,240.0,1
CEDAR ST BETWEEN 1ST AVE AND 2ND AVE,Belltown,0.148,0.236,12.0,0,12,0,-2.0,-2.0,-2.0,13,decrease,North,47.61614903,-122.35016709,240.0,2
CEDAR ST BETWEEN 2ND AVE AND 3RD AVE,Belltown,0.271,0.422,12.0,0,12,0,-1.875,-1.25,-2.0,11,decrease,North,47.616793705,-122.34933403,240.0,2
CEDAR ST BETWEEN 3RD AVE AND 4TH AVE,Belltown,0.435,0.521,15.0,0,12,0,-1.167,-0.75,-2.0,12,decrease,North,47.617455245,-122.34846272,240.0,2
CEDAR ST BETWEEN 4TH AVE AND DENNY WAY,Belltown,0.713,0.829,5.0,0,3,9,-0.167,0.0,-1.5,12,hold,North,47.61816151,-122.34762193,240.0,2
CEDAR ST BETWEEN ELLIOTT AVE AND WESTERN AVE,Belltown,0.39,0.494,13.0,0,12,0,-1.375,-1.0,-2.0,12,decrease,North,47.614823475,-122.35188204,240.0,2
CEDAR ST BETWEEN WESTERN AVE AND 1ST AVE,Belltown,0.191,0.324,15.0,0,12,0,-1.979,-1.75,-2.0,19,decrease,North,47.615477205,-122.351035935,240.0,2
CLAY ST BETWEEN 1ST AVE AND 2ND AVE,Belltown,0.406,0.579,17.0,0,12,0,-1.271,-0.5,-2.0,12,decrease,North,47.6166873,-122.351118855,240.0,2
CLAY ST BETWEEN 2ND AVE AND 3RD AVE,Belltown,0.291,0.478,14.0,0,12,0,-1.688,-1.0,-2.0,12,decrease,North,47.61740397,-122.35035405,240.0,1
CLAY ST BETWEEN 3RD AVE AND 4TH AVE,Belltown,0.347,0.464,14.0,0,12,0,-1.604,-1.0,-2.0,11,decrease,North,47.618028915,-122.34938722,240.0,2
CLAY ST BETWEEN ELLIOTT AVE AND WESTERN AVE,Belltown,0.346,0.424,26.0,0,12,0,-1.583,-1.25,-2.0,11,decrease,North,47.61537392,-122.35281704,240.0,2
CLAY ST BETWEEN WESTERN AVE AND 1ST AVE,Belltown,0.255,0.354,21.0,0,12,0,-1.875,-1.5,-2.0,14,decrease,North,47.616023425,-122.35199055,240.0,2
EAGLE ST BETWEEN 1ST AVE AND 2ND WR AVE,Belltown,0.468,0.644,12.0,0,12,0,-1.0,-0.25,-2.0,18,decrease,North,47.61803121,-122.353402035,240.0,2
EAGLE ST BETWEEN WESTERN AVE AND 1ST AVE,Belltown,0.33,0.446,13.0,0,12,0,-1.688,-1.25,-2.0,18,decrease,North,47.61736216,-122.354266145,240.0,2
ELLIOTT AVE BETWEEN BATTERY ST AND WALL ST,Belltown,0.497,0.613,12.0,0,12,0,-0.917,-0.25,-2.0,11,decrease,North,47.613063625,-122.34995914,240.0,2
ELLIOTT AVE BETWEEN BAY ST AND W DENNY WAY,Belltown,0.011,0.065,4.0,0,12,0,-2.0,-2.0,-2.0,10,decrease,North,47.61795877,-122.35741674,30.0,1
ELLIOTT AVE BETWEEN BELL ST AND BATTERY ST,Belltown,0.59,0.733,13.0,0,10,2,-0.5,0.0,-2.0,14,decrease,North,47.612398625,-122.34882895,240.0,2
ELLIOTT AVE BETWEEN CEDAR ST AND CLAY ST,Belltown,0.574,0.769,9.0,0,11,1,-0.562,0.0,-1.75,11,decrease,North,47.61478184,-122.35269231,240.0,1
ELLIOTT AVE BETWEEN CLAY ST AND BROAD ST,Belltown,0.612,0.706,16.0,0,11,1,-0.396,0.0,-1.5,11,decrease,North,47.615302315,-122.353739605,240.0,2
ELLIOTT AVE BETWEEN LENORA ST AND BLANCHARD ST,Belltown,0.537,0.727,12.0,0,9,3,-0.708,0.0,-2.0,12,decrease,South,47.611444655,-122.345828085,120.0,2
ELLIOTT AVE BETWEEN VINE ST AND CEDAR ST,Belltown,0.217,0.298,11.0,0,12,0,-2.0,-2.0,-2.0,19,decrease,North,47.614195755,-122.35186163,240.0,2
ELLIOTT AVE BETWEEN WALL ST AND VINE ST,Belltown,0.294,0.404,17.0,0,12,0,-1.771,-1.25,-2.0,12,decrease,North,47.61363912,-122.350925955,240.0,2
LENORA ST BETWEEN 1ST AVE AND 2ND AVE,Belltown,0.593,0.783,12.0,0,7,5,-0.562,0.0,-2.0,17,decrease,South,47.61217011,-122.343481695,120.0,2
LENORA ST BETWEEN 2ND AVE AND 3RD AVE,Belltown,0.303,0.407,4.0,0,12,0,-1.729,-1.25,-2.0,10,decrease,South,47.61278643,-122.34256616,120.0,1
LENORA ST BETWEEN 3RD AVE AND 4TH AVE,Belltown,0.289,0.558,8.0,0,12,0,-1.542,-0.5,-2.0,19,decrease,South,47.61344824,-122.34170472,120.0,1
LENORA ST BETWEEN 4TH AVE AND 5TH AVE,Belltown,0.146,0.413,9.0,0,12,0,-1.917,-1.25,-2.0,13,decrease,South,47.614163895,-122.34090275,120.0,2
LENORA ST BETWEEN 5TH AVE AND 6TH AVE,Belltown,0.194,0.471,16.0,0,12,0,-1.792,-1.0,-2.0,13,decrease,South,47.61482581,-122.340046675,120.0,2
LENORA ST BETWEEN WESTERN AVE AND 1ST AVE,Belltown,0.567,0.751,7.0,0,11,1,-0.604,0.0,-2.0,14,decrease,South,47.61146223,-122.34427892,120.0,1
STEWART ST BETWEEN 4TH AVE AND 5TH AVE,Belltown,0.38,0.669,11.0,0,12,0,-1.417,-0.25,-2.0,12,decrease,South,47.612632245,-122.33829498,120.0,2
TAYLOR AVE BETWEEN 5TH AVE AND DENNY WAY,Belltown,0.323,0.49,3.0,0,12,0,-1.667,-1.0,-2.0,13,decrease,North,47.61842442,-122.34651487,240.0,1
VINE ST BETWEEN 1ST AVE AND 2ND AVE,Belltown,0.469,0.585,14.0,0,12,0,-1.021,-0.5,-2.0,11,decrease,North,47.61560733,-122.349219205,240.0,2
VINE ST BETWEEN 2ND AVE AND 3RD AVE,Belltown,0.15,0.274,9.0,0,12,0,-2.0,-2.0,-2.0,19,decrease,North,47.616251095,-122.34837665,240.0,2
VINE ST BETWEEN 3RD AVE AND 4TH AVE,Belltown,0.354,0.438,20.0,0,12,0,-1.542,-1.25,-2.0,16,decrease,North,47.616901925,-122.34753273,240.0,2
VINE ST BETWEEN 4TH AVE AND 5TH AVE,Belltown,0.502,0.702,12.0,0,11,1,-0.917,0.0,-2.0,11,decrease,North,47.61758446,-122.346677665,240.0,2
VINE ST BETWEEN 5TH AVE AND DENNY WAY,Belltown,0.286,0.434,6.0,0,12,0,-1.833,-1.25,-2.0,11,decrease,North,47.61819148,-122.34572231,240.0,1
VINE ST BETWEEN ALASKAN WAY AND ELLIOTT AVE,Belltown,0.248,0.302,9.0,0,12,0,-1.979,-1.75,-2.0,15,decrease,North,47.613649415,-122.351758545,240.0,2
VINE ST BETWEEN ELLIOTT AVE AND WESTERN AVE,Belltown,0.219,0.27,7.0,0,12,0,-2.0,-2.0,-2.0,17,decrease,North,47.61431849,-122.35103705,240.0,1
VINE ST BETWEEN WESTERN AVE AND 1ST AVE,Belltown,0.358,0.472,11.0,0,12,0,-1.542,-1.0,-2.0,11,decrease,North,47.614934925,-122.35008845,240.0,2
VIRGINIA ST BETWEEN 1ST AVE AND 2ND AVE,Belltown,0.577,0.773,12.0,0,10,2,-0.562,0.0,-1.75,19,decrease,South,47.611431675000006,-122.34216129,120.0,2
VIRGINIA ST BETWEEN 3RD AVE AND 4TH AVE,Belltown,0.405,0.574,9.0,0,12,0,-1.292,-0.5,-2.0,19,decrease,South,47.61280657,-122.34051486,120.0,1
VIRGINIA ST BETWEEN 4TH AVE AND 5TH AVE,Belltown,0.396,0.544,11.0,0,12,0,-1.375,-0.75,-2.0,12,decrease,South,47.61342699,-122.339577805,120.0,2
VIRGINIA ST BETWEEN 5TH AVE AND 6TH AVE,Belltown,0.259,0.465,9.0,0,12,0,-1.854,-1.0,-2.0,19,decrease,South,47.61411105,-122.33882237,120.0,1
VIRGINIA ST BETWEEN PIKE PL AND POST AL,Belltown,0.978,1.0,3.0,11,0,1,0.604,0.75,0.0,11,increase,South,47.61060651,-122.34332623,120.0,1
WALL ST BETWEEN 1ST AVE AND 2ND AVE,Belltown,0.522,0.657,17.0,0,12,0,-0.729,-0.25,-2.0,18,decrease,North,47.61503819,-122.34830399,240.0,2
WALL ST BETWEEN 2ND AVE AND 3RD AVE,Belltown,0.288,0.514,12.0,0,12,0,-1.708,-0.75,-2.0,19,decrease,North,47.615684735,-122.34746913,240.0,2
WALL ST BETWEEN 3RD AVE AND 4TH AVE,Belltown,0.219,0.454,9.0,0,12,0,-1.792,-1.0,-2.0,12,decrease,North,47.61641418,-122.34667276,240.0,1
WALL ST BETWEEN 4TH AVE AND 5TH AVE,Belltown,0.396,0.489,12.0,0,12,0,-1.396,-1.0,-2.0,13,decrease,North,47.6170263,-122.3457372,240.0,2
WALL ST BETWEEN ALASKAN WAY AND ELLIOTT AVE,Belltown,0.399,0.56,5.0,0,12,0,-1.271,-0.5,-2.0,13,decrease,North,47.61313015,-122.35088659,240.0,1
WALL ST BETWEEN ELLIOTT AVE AND WESTERN AVE,Belltown,0.402,0.534,10.0,0,12,0,-1.292,-0.75,-2.0,12,decrease,North,47.613715545,-122.35001453,240.0,2
WALL ST BETWEEN WESTERN AVE AND 1ST AVE,Belltown,0.336,0.491,13.0,0,12,0,-1.604,-1.0,-2.0,19,decrease,North,47.6143594,-122.349181425,240.0,2
WARREN PL BETWEEN 1ST AVE AND DENNY WAY,Belltown,0.299,0.51,10.0,0,12,0,-1.75,-0.75,-2.0,19,decrease,North,47.618289695,-122.35415002,240.0,2
WESTERN AVE BETWEEN BATTERY ST AND WALL ST,Belltown,0.499,0.626,13.0,0,12,0,-0.854,-0.25,-2.0,13,decrease,North,47.613748,-122.34914257,240.0,2
WESTERN AVE BETWEEN BAY ST AND QUEEN ANNE AVE,Belltown,0.581,0.82,4.0,0,8,4,-0.646,0.0,-2.0,10,decrease,North,47.61810239,-122.35633431,240.0,1
WESTERN AVE BETWEEN BELL ST AND BATTERY ST,Belltown,0.408,0.65,6.0,0,12,0,-1.292,-0.25,-2.0,13,decrease,North,47.61303517,-122.34807888,240.0,1
WESTERN AVE BETWEEN BLANCHARD ST AND BELL ST,Belltown,0.406,0.746,12.0,0,10,2,-1.25,0.0,-2.0,12,decrease,South,47.61232947,-122.34673134,120.0,2
WESTERN AVE BETWEEN BROAD ST AND EAGLE ST,Belltown,0.543,0.678,18.0,0,12,0,-0.667,-0.25,-2.0,12,decrease,North,47.616645645000006,-122.354046445,240.0,2
WESTERN AVE BETWEEN CEDAR ST AND CLAY ST,Belltown,0.243,0.362,13.0,0,12,0,-1.917,-1.5,-2.0,19,decrease,North,47.615407415,-122.351932695,240.0,2
WESTERN AVE BETWEEN CLAY ST AND BROAD ST,Belltown,0.414,0.548,10.0,0,12,0,-1.208,-0.75,-2.0,13,decrease,North,47.61595942,-122.352867665,240.0,2
WESTERN AVE BETWEEN EAGLE ST AND BAY ST,Belltown,0.347,0.541,24.0,0,12,0,-1.479,-0.75,-2.0,13,decrease,North,47.617398485,-122.355328775,240.0,2
WESTERN AVE BETWEEN LENORA ST AND BLANCHARD ST,Belltown,0.508,0.68,21.0,0,12,0,-0.833,-0.25,-2.0,13,decrease,South,47.611633025,-122.34555652,120.0,2
WESTERN AVE BETWEEN PINE ST AND VIRGINIA ST,Belltown,0.553,0.716,11.0,0,11,1,-0.688,0.0,-2.0,15,decrease,South,47.60974531,-122.34291935,120.0,1
WESTERN AVE BETWEEN VINE ST AND CEDAR ST,Belltown,0.539,0.678,17.0,0,12,0,-0.729,-0.25,-1.75,13,decrease,North,47.61485207,-122.350993505,240.0,2
WESTERN AVE BETWEEN VIRGINIA ST AND LENORA ST,Belltown,0.75,0.949,13.0,3,2,7,-0.146,0.25,-2.0,11,hold,South,47.61077248,-122.34410222,120.0,2
WESTERN AVE BETWEEN WALL ST AND VINE ST,Belltown,0.385,0.472,15.0,0,12,0,-1.417,-1.0,-2.0,14,decrease,North,47.61430934,-122.35007612,240.0,2
11TH AVE BETWEEN E HOWELL ST AND E DENNY WAY,Capitol Hill,0.349,0.576,28.0,0,14,0,-1.518,-0.5,-2.0,19,decrease,South,47.61813722,-122.31831508,240.0,1
11TH AVE BETWEEN E OLIVE ST AND E HOWELL ST,Capitol Hill,0.35,0.616,29.0,0,14,0,-1.464,-0.25,-2.0,19,decrease,South,47.61696889,-122.31829651,240.0,1
11TH AVE BETWEEN E PINE ST AND E OLIVE ST,Capitol Hill,0.561,0.741,28.0,0,10,4,-0.625,0.0,-2.0,19,decrease,South,47.615867805,-122.318169325,240.0,2
12TH AVE BETWEEN E PINE ST AND E OLIVE ST,Capitol Hill,0.218,0.352,19.0,0,14,0,-1.929,-1.5,-2.0,19,decrease,South,47.61587269,-122.316863905,120.0,2
BELMONT AVE BETWEEN E PINE ST AND E OLIVE ST,Capitol Hill,0.047,0.08,27.0,0,14,0,-2.0,-2.0,-2.0,19,decrease,South,47.615812425,-122.32448005,120.0,2
BOYLSTON AVE BETWEEN E PINE ST AND E OLIVE ST,Capitol Hill,0.276,0.454,5.0,0,14,0,-1.839,-1.0,-2.0,19,decrease,South,47.61581966,-122.32352842,120.0,1
BROADWAY BETWEEN E PINE ST AND XW E OLIVE ST,Capitol Hill,0.409,0.575,16.0,0,14,0,-1.25,-0.5,-2.0,19,decrease,South,47.61585617,-122.32081861,120.0,2
BROADWAY BETWEEN XW E OLIVE ST AND E HOWELL ST,Capitol Hill,0.414,0.524,16.0,0,14,0,-1.321,-0.75,-2.0,19,decrease,South,47.616950380000006,-122.320825885,120.0,2
BROADWAY E BETWEEN E DENNY WAY AND E OLIVE WAY,Capitol Hill,0.279,0.371,17.0,0,14,0,-1.857,-1.5,-2.0,19,decrease,South,47.61932366,-122.32086166,120.0,2
BROADWAY E BETWEEN E HARRISON ST AND E REPUBLICAN ST,Capitol Hill,0.327,0.513,12.0,0,14,0,-1.661,-0.75,-2.0,19,decrease,North,47.622555765,-122.320915175,120.0,2
BROADWAY E BETWEEN E MERCER ST AND E ROY E ST,Capitol Hill,0.352,0.487,12.0,0,14,0,-1.536,-1.0,-2.0,19,decrease,North,47.624661975,-122.32094883,120.0,2
BROADWAY E BETWEEN E OLIVE WAY AND E THOMAS ST,Capitol Hill,0.397,0.578,17.0,0,14,0,-1.268,-0.5,-2.0,19,decrease,North,47.62050824,-122.32088052,120.0,2
BROADWAY E BETWEEN E REPUBLICAN ST AND E MERCER ST,Capitol Hill,0.413,0.599,20.0,0,14,0,-1.286,-0.5,-2.0,19,decrease,North,47.623688775,-122.320927075,120.0,2
BROADWAY E BETWEEN E ROY W ST AND E ALOHA ST,Capitol Hill,0.333,0.505,6.0,0,14,0,-1.607,-0.75,-2.0,18,decrease,North,47.62597214,-122.32141642,120.0,1
BROADWAY E BETWEEN E THOMAS ST AND E HARRISON ST,Capitol Hill,0.252,0.421,19.0,0,14,0,-1.857,-1.25,-2.0,13,decrease,North,47.621529285,-122.3208928,120.0,2
E DENNY WAY BETWEEN 10TH AVE E AND 11TH AVE,Capitol Hill,0.412,0.657,9.0,0,14,0,-1.304,-0.25,-2.0,11,decrease,South,47.61871263,-122.31892184,240.0,1
E HARRISON ST BETWEEN BROADWAY E AND 10TH AVE E,Capitol Hill,0.15,0.3,4.0,0,14,0,-1.982,-1.75,-2.0,19,decrease,North,47.62194122,-122.32036323,120.0,1
E MERCER ST BETWEEN BROADWAY E AND 10TH AVE E,Capitol Hill,0.442,0.821,2.0,0,12,2,-1.214,0.0,-2.0,19,decrease,North,47.62420511,-122.32039978,120.0,1
E OLIVE WAY BETWEEN HARVARD AVE E AND BROADWAY E,Capitol Hill,0.348,0.909,1.0,1,12,1,-1.375,0.25,-2.0,20,decrease,South,47.61997118,-122.32158697,120.0,1
E REPUBLICAN ST BETWEEN BROADWAY E AND 10TH AVE E,Capitol Hill,0.218,0.411,6.0,0,14,0,-1.893,-1.25,-2.0,19,decrease,North,47.62308318,-122.32036529,120.0,1
E ROY ST BETWEEN BROADWAY E  E AND 10TH W AVE E,Capitol Hill,0.184,0.279,3.0,0,14,0,-2.0,-2.0,-2.0,17,decrease,North,47.62518096,-122.32051138,120.0,1
E THOMAS ST BETWEEN HARVARD AVE E AND BROADWAY E,Capitol Hill,0.404,0.685,5.0,0,14,0,-1.286,-0.25,-2.0,19,decrease,North,47.62102996,-122.32156166,120.0,1
HARVARD AVE BETWEEN E OLIVE ST AND E HOWELL ST,Capitol Hill,0.041,0.204,1.0,0,14,0,-2.0,-2.0,-2.0,21,decrease,South,47.61694224,-122.32205635,30.0,1
HARVARD AVE BETWEEN E PINE ST AND E OLIVE ST,Capitol Hill,0.434,0.527,12.0,0,14,0,-1.143,-0.75,-2.0,18,decrease,South,47.61584917,-122.32203862,120.0,1
NAGLE PL BETWEEN E HOWELL ST AND E DENNY WAY,Capitol Hill,0.402,0.555,5.0,0,14,0,-1.357,-0.5,-2.0,11,decrease,South,47.6181567,-122.32012756,240.0,1
SUMMIT AVE BETWEEN E PINE ST AND E OLIVE ST,Capitol Hill,0.09,0.126,14.0,0,14,0,-2.0,-2.0,-2.0,11,decrease,South,47.61580004,-122.32553822,120.0,2
18TH AVE BETWEEN E JEFFERSON ST AND E CHERRY ST,Cherry Hill,0.153,0.195,15.0,0,12,0,-2.0,-2.0,-2.0,13,decrease,,47.60711882,-122.30901722,120.0,1
E CHERRY ST BETWEEN 16TH AVE AND 17TH AVE,Cherry Hill,0.12,0.177,10.0,0,12,0,-2.0,-2.0,-2.0,10,decrease,,47.60797363,-122.31086289,120.0,1
E CHERRY ST BETWEEN 17TH AVE AND 18TH AVE,Cherry Hill,0.09,0.125,19.0,0,12,0,-2.0,-2.0,-2.0,9,decrease,,47.60802605,-122.309613605,120.0,2
E JEFFERSON ST BETWEEN 17TH AVE AND 18TH AVE,Cherry Hill,0.177,0.284,9.0,0,12,0,-2.0,-2.0,-2.0,14,decrease,,47.60617558,-122.30960869,120.0,2
5TH AVE S BETWEEN S KING ST AND S WELLER ST,Chinatown/ID,0.301,0.446,6.0,0,12,0,-1.708,-1.25,-2.0,19,decrease,,47.59793881,-122.32758781,120.0,1
5TH AVE S BETWEEN S WELLER ST AND S DEARBORN ST,Chinatown/ID,0.16,0.442,12.0,0,12,0,-1.917,-1.25,-2.0,19,decrease,,47.59669714,-122.327679175,120.0,2
6TH AVE S BETWEEN S JACKSON ST AND S KING ST,Chinatown/ID,0.379,0.669,10.0,0,12,0,-1.333,-0.25,-2.0,19,decrease,,47.598771240000005,-122.326362215,120.0,2
6TH AVE S BETWEEN S KING ST AND S WELLER ST,Chinatown/ID,0.415,0.631,15.0,0,12,0,-1.125,-0.25,-2.0,18,decrease,,47.59793449,-122.326365495,120.0,2
6TH AVE S BETWEEN S LANE ST AND S DEARBORN ST,Chinatown/ID,0.328,0.597,12.0,0,12,0,-1.521,-0.5,-2.0,18,decrease,,47.596278635,-122.32637204,120.0,2
6TH AVE S BETWEEN S MAIN ST AND S JACKSON ST,Chinatown/ID,0.273,0.439,13.0,0,12,0,-1.771,-1.25,-2.0,18,decrease,,47.599612405,-122.3263588,120.0,2
6TH AVE S BETWEEN S WELLER ST AND S LANE ST,Chinatown/ID,0.42,0.72,12.0,0,10,2,-1.146,0.0,-2.0,18,decrease,,47.59708615,-122.326368825,120.0,2
7TH AVE S BETWEEN S JACKSON ST AND S KING ST,Chinatown/ID,0.308,0.492,10.0,0,12,0,-1.667,-1.0,-2.0,18,decrease,,47.598746000000006,-122.323752005,120.0,2
7TH AVE S BETWEEN S KING ST AND S WELLER ST,Chinatown/ID,0.225,0.425,12.0,0,12,0,-1.896,-1.25,-2.0,19,decrease,,47.597905775,-122.32375941,120.0,2
7TH AVE S BETWEEN S MAIN ST AND S JACKSON ST,Chinatown/ID,0.226,0.515,12.0,0,12,0,-1.75,-0.75,-2.0,19,decrease,,47.59958428,-122.32375254,120.0,2
7TH AVE S BETWEEN S WELLER ST AND S LANE ST,Chinatown/ID,0.184,0.356,15.0,0,12,0,-1.938,-1.5,-2.0,19,decrease,,47.597088805,-122.323758545,120.0,2
8TH AVE S BETWEEN S JACKSON ST AND S KING ST,Chinatown/ID,0.079,0.154,4.0,0,12,0,-2.0,-2.0,-2.0,19,decrease,,47.5987507,-122.32256818,120.0,1
8TH AVE S BETWEEN S KING ST AND S WELLER ST,Chinatown/ID,0.332,0.682,8.0,0,12,0,-1.5,-0.25,-2.0,19,decrease,,47.59792611,-122.32245003,120.0,2
8TH AVE S BETWEEN S WELLER ST AND S LANE ST,Chinatown/ID,0.27,0.585,12.0,0,12,0,-1.75,-0.5,-2.0,19,decrease,,47.597084655,-122.322453475,120.0,2
MAYNARD AVE S BETWEEN S JACKSON ST AND S KING ST,Chinatown/ID,0.345,0.439,5.0,0,12,0,-1.604,-1.25,-2.0,15,decrease,,47.59874797,-122.32498811,120.0,1
MAYNARD AVE S BETWEEN S KING ST AND S WELLER ST,Chinatown/ID,0.259,0.465,8.0,0,12,0,-1.812,-1.0,-2.0,19,decrease,,47.59790648,-122.325060445,120.0,2
MAYNARD AVE S BETWEEN S LANE ST AND S DEARBORN ST,Chinatown/ID,0.213,0.542,6.0,0,12,0,-1.833,-0.75,-2.0,19,decrease,,47.59626866,-122.32515195,120.0,1
MAYNARD AVE S BETWEEN S MAIN ST AND S JACKSON ST,Chinatown/ID,0.211,0.344,12.0,0,12,0,-1.917,-1.75,-2.0,19,decrease,,47.59961074,-122.325053765,120.0,2
MAYNARD AVE S BETWEEN S WELLER ST AND S LANE ST,Chinatown/ID,0.168,0.381,14.0,0,12,0,-1.938,-1.5,-2.0,19,decrease,,47.59707318,-122.32506782,120.0,2
S JACKSON ST BETWEEN 6TH AVE S AND MAYNARD AVE S,Chinatown/ID,0.213,0.412,1.0,0,12,0,-1.896,-1.25,-2.0,11,decrease,,47.59910134,-122.32573848,120.0,1
S JACKSON ST BETWEEN MAYNARD AVE S AND 7TH AVE S,Chinatown/ID,0.286,0.536,7.0,0,12,0,-1.708,-0.75,-2.0,19,decrease,,47.59919384,-122.3244309,120.0,2
S KING ST BETWEEN 5TH AVE S AND 6TH AVE S,Chinatown/ID,0.309,0.504,11.0,0,12,0,-1.646,-0.75,-2.0,19,decrease,,47.598354855,-122.32701829,120.0,2
S KING ST BETWEEN 6TH AVE S AND MAYNARD AVE S,Chinatown/ID,0.318,0.575,16.0,0,12,0,-1.625,-0.5,-2.0,18,decrease,,47.598352845,-122.325700145,120.0,2
S KING ST BETWEEN 7TH AVE S AND CANTON AL S,Chinatown/ID,0.399,0.651,6.0,0,12,0,-1.271,-0.25,-2.0,19,decrease,,47.598348555,-122.323383445,120.0,2
S KING ST BETWEEN MAYNARD AL S AND 7TH AVE S,Chinatown/ID,0.33,0.506,7.0,0,12,0,-1.583,-0.75,-2.0,18,decrease,,47.59835034,-122.324157375,120.0,2
S LANE ST BETWEEN 6TH AVE S AND MAYNARD AVE S,Chinatown/ID,0.235,0.455,6.0,0,12,0,-1.812,-1.0,-2.0,19,decrease,,47.59660677,-122.32571811,120.0,1
S LANE ST BETWEEN MAYNARD AVE S AND 7TH AVE S,Chinatown/ID,0.171,0.395,9.0,0,12,0,-1.917,-1.5,-2.0,19,decrease,,47.5967445,-122.32438225,120.0,1
S MAIN ST BETWEEN 4TH AVE S AND 5TH AVE S,Chinatown/ID,0.102,0.202,4.0,0,12,0,-2.0,-2.0,-2.0,13,decrease,,47.60010355,-122.32828771,120.0,1
S MAIN ST BETWEEN 5TH AVE S AND 6TH AVE S,Chinatown/ID,0.194,0.291,9.0,0,12,0,-2.0,-2.0,-2.0,12,decrease,,47.60003575499999,-122.3269738,120.0,2
S MAIN ST BETWEEN 6TH AVE S AND MAYNARD AVE S,Chinatown/ID,0.215,0.451,20.0,0,12,0,-1.854,-1.0,-2.0,18,decrease,,47.60003511,-122.325672375,120.0,2
S MAIN ST BETWEEN MAYNARD AVE S AND 7TH AVE S,Chinatown/ID,0.106,0.275,27.0,0,12,0,-2.0,-2.0,-2.0,19,decrease,,47.600026175,-122.32440055,120.0,2
S WASHINGTON ST BETWEEN 5TH AVE S AND 6TH AVE S,Chinatown/ID,0.24,0.367,7.0,0,12,0,-1.917,-1.5,-2.0,10,decrease,,47.60080077,-122.3269687,120.0,1
S WASHINGTON ST BETWEEN 6TH AVE S AND DEAD END 1,Chinatown/ID,0.131,0.173,14.0,0,12,0,-2.0,-2.0,-2.0,19,decrease,,47.600866885,-122.32567289,120.0,2
S WELLER ST BETWEEN 5TH AVE S AND 6TH AVE S,Chinatown/ID,0.461,0.82,9.0,0,10,2,-1.146,0.0,-2.0,18,decrease,,47.5975159,-122.326994915,120.0,2
S WELLER ST BETWEEN 6TH AVE S AND MAYNARD AVE S,Chinatown/ID,0.376,0.722,10.0,0,10,2,-1.312,0.0,-2.0,18,decrease,,47.597514025,-122.32568831,120.0,2
S WELLER ST BETWEEN 7TH AVE S AND CANTON AL S,Chinatown/ID,0.436,0.874,2.0,1,9,2,-1.208,0.25,-2.0,18,decrease,,47.59742737,-122.32338508,120.0,1
S WELLER ST BETWEEN 8TH AVE S AND DEAD END,Chinatown/ID,0.264,0.573,7.0,0,12,0,-1.646,-0.5,-2.0,19,decrease,,47.59750775,-122.322008005,120.0,2
S WELLER ST BETWEEN CANTON AL S AND 8TH AVE S,Chinatown/ID,0.33,0.661,5.0,0,12,0,-1.521,-0.25,-2.0,19,decrease,,47.59757726,-122.32281958,120.0,1
S WELLER ST BETWEEN MAYNARD AVE S AND MAYNARD AL S,Chinatown/ID,0.286,0.76,7.0,0,11,1,-1.667,0.0,-2.0,19,decrease,,47.597512295,-122.324703095,120.0,2
37TH AVE S BETWEEN S EDMUNDS ST AND S FERDINAND ST,Columbia City,0.32,0.438,9.0,0,12,0,-1.667,-1.25,-2.0,18,decrease,,47.55825614,-122.28620595,240.0,1
37TH AVE S BETWEEN S FERDINAND ST AND S HUDSON ST,Columbia City,0.169,0.278,8.0,0,12,0,-2.0,-2.0,-2.0,19,decrease,,47.55743593,-122.28608789,240.0,1
RAINIER AVE S BETWEEN S EDMUNDS ST AND S FERDINAND ST,Columbia City,0.453,0.535,12.0,0,12,0,-1.083,-0.75,-1.75,10,decrease,,47.55827161,-122.28525216,120.0,2
RAINIER AVE S BETWEEN S FERDINAND ST AND S HUDSON ST,Columbia City,0.394,0.624,6.0,0,12,0,-1.354,-0.25,-2.0,12,decrease,,47.557470945000006,-122.284835285,120.0,2
RAINIER AVE S BETWEEN S HUDSON ST AND 39TH N AVE S,Columbia City,0.13,0.368,19.0,0,12,0,-1.938,-1.5,-2.0,19,decrease,,47.55645281,-122.28409975,120.0,2
S ALASKA ST BETWEEN RAINIER AVE S AND 38TH AVE S,Columbia City,0.116,0.199,25.0,0,12,0,-2.0,-2.0,-2.0,9,decrease,,47.56074452,-122.28596862,240.0,2
S EDMUNDS ST BETWEEN 37TH AVE S AND RAINIER AVE S,Columbia City,0.166,0.367,2.0,0,12,0,-1.958,-1.5,-2.0,19,decrease,,47.55860216,-122.28579473,120.0,1
S EDMUNDS ST BETWEEN RAINIER AVE S AND 39TH AVE S,Columbia City,0.172,0.225,25.0,0,12,0,-2.0,-2.0,-2.0,11,decrease,,47.55861759,-122.28445727,120.0,1
S FERDINAND ST BETWEEN 37TH AVE S AND RAINIER AVE S,Columbia City,0.298,0.445,7.0,0,12,0,-1.75,-1.25,-2.0,18,decrease,,47.55785414,-122.285593355,120.0,2
S FERDINAND ST BETWEEN RAINIER AVE S AND 39TH AVE S,Columbia City,0.448,0.614,19.0,0,12,0,-1.125,-0.25,-2.0,12,decrease,,47.55785045499999,-122.28421152,120.0,2
S HUDSON ST BETWEEN 37TH AVE S AND RAINIER AVE S,Columbia City,0.266,0.519,14.0,0,12,0,-1.708,-0.75,-2.0,18,decrease,,47.55704307,-122.28538691,120.0,2
1ST AVE BETWEEN COLUMBIA ST AND MARION ST,Commercial Core,0.38,0.511,9.0,0,12,0,-1.458,-0.75,-2.0,13,decrease,Waterfront,47.603635815,-122.335250965,120.0,2
1ST AVE BETWEEN MADISON ST AND SPRING ST,Commercial Core,0.445,0.658,5.0,0,12,0,-1.042,-0.25,-2.0,16,decrease,Waterfront,47.60501765,-122.3366575,30.0,1
1ST AVE BETWEEN PIKE ST AND PINE ST,Commercial Core,0.849,0.974,7.0,7,1,4,0.125,0.5,-0.75,13,hold,Retail,47.60935161,-122.3403749,120.0,1
1ST AVE BETWEEN PINE ST AND STEWART ST,Commercial Core,0.585,0.89,3.0,3,8,1,-0.708,0.25,-2.0,17,decrease,Retail,47.61008545,-122.34104628,120.0,1
1ST AVE BETWEEN SENECA ST AND UNIVERSITY ST,Commercial Core,0.647,0.785,14.0,0,9,3,-0.354,0.0,-1.25,17,decrease,Retail,47.60647145,-122.337883365,120.0,2
1ST AVE BETWEEN SPRING ST AND SENECA ST,Commercial Core,0.448,0.597,14.0,0,12,0,-1.146,-0.5,-2.0,11,decrease,Waterfront,47.60575515,-122.33720854,120.0,2
1ST AVE BETWEEN UNION ST AND PIKE ST,Commercial Core,0.775,0.974,8.0,5,3,4,-0.062,0.5,-2.0,11,hold,Retail,47.608324565,-122.339559375,120.0,2
1ST AVE BETWEEN UNIVERSITY ST AND UNION ST,Commercial Core,0.733,0.875,15.0,2,2,8,-0.208,0.25,-1.75,15,hold,Retail,47.60731898,-122.338656325,120.0,2
2ND AVE BETWEEN COLUMBIA ST AND MARION ST,Commercial Core,0.264,0.442,12.0,0,12,0,-1.812,-1.25,-2.0,11,decrease,Financial,47.60408368,-122.33414784,120.0,2
2ND AVE BETWEEN MADISON ST AND SPRING ST,Commercial Core,0.63,0.832,6.0,0,5,7,-0.458,0.0,-2.0,11,decrease,Financial,47.60555459,-122.33534782,120.0,1
2ND AVE BETWEEN MARION ST AND MADISON ST,Commercial Core,0.196,0.459,3.0,0,12,0,-1.792,-1.0,-2.0,13,decrease,Financial,47.60483804,-122.3346924,120.0,1
2ND AVE BETWEEN PIKE ST AND PINE ST,Commercial Core,0.398,0.57,7.0,0,12,0,-1.271,-0.5,-2.0,16,decrease,Retail,47.6097219,-122.33945111,120.0,1
2ND AVE BETWEEN PINE ST AND STEWART ST,Commercial Core,0.357,0.474,6.0,0,12,0,-1.583,-1.0,-2.0,11,decrease,Retail,47.610610825,-122.340123865,120.0,2
2ND AVE BETWEEN SENECA ST AND UNIVERSITY ST,Commercial Core,0.462,0.651,16.0,0,12,0,-1.042,-0.25,-2.0,11,decrease,Retail,47.60693169,-122.336755435,120.0,2
2ND AVE BETWEEN SPRING ST AND SENECA ST,Commercial Core,0.225,0.33,4.0,0,8,0,-1.938,-1.75,-2.0,12,decrease,Financial,47.60626322,-122.33601514,120.0,1
2ND AVE BETWEEN UNION ST AND PIKE ST,Commercial Core,0.32,0.565,8.0,0,12,0,-1.646,-0.5,-2.0,17,decrease,Retail,47.608779075,-122.338445525,120.0,2
4TH AVE BETWEEN COLUMBIA ST AND MARION ST,Commercial Core,0.304,0.657,6.0,0,12,0,-1.479,-0.25,-2.0,10,decrease,Financial,47.60505018,-122.33182648,120.0,1
4TH AVE BETWEEN MADISON ST AND SPRING ST,Commercial Core,0.317,0.497,10.0,0,12,0,-1.646,-1.0,-2.0,13,decrease,Financial,47.60643896,-122.33325666,120.0,2
4TH AVE BETWEEN SENECA ST AND UNIVERSITY ST,Commercial Core,0.332,0.498,10.0,0,12,0,-1.646,-1.0,-2.0,18,decrease,Retail,47.607861150000005,-122.33453767,120.0,2
4TH AVE BETWEEN UNION ST AND PIKE ST,Commercial Core,0.446,0.74,6.0,0,11,1,-1.062,0.0,-2.0,11,decrease,Retail,47.60967604,-122.33632481,120.0,1
5TH AVE BETWEEN MADISON ST AND SPRING ST,Commercial Core,0.44,0.678,6.0,0,12,0,-1.062,-0.25,-2.0,11,decrease,Financial,47.60687895,-122.33220159,120.0,1
5TH AVE BETWEEN MARION ST AND MADISON ST,Commercial Core,0.486,0.647,6.0,0,12,0,-0.958,-0.25,-1.5,9,decrease,Financial,47.60621283,-122.33137792,120.0,1
5TH AVE BETWEEN TERRACE ST AND JEFFERSON ST,Commercial Core,0.409,0.556,4.0,0,12,0,-1.292,-0.5,-2.0,12,decrease,Financial,47.60258173,-122.32829027,120.0,1
6TH AVE BETWEEN COLUMBIA ST AND MARION ST,Commercial Core,0.373,0.517,20.0,0,12,0,-1.479,-0.75,-2.0,9,decrease,Financial,47.60591026,-122.32978967,120.0,1
6TH AVE BETWEEN PIKE ST AND PINE ST,Commercial Core,0.4,0.538,17.0,0,12,0,-1.354,-0.75,-2.0,19,decrease,Retail,47.611633775,-122.334920425,120.0,2
6TH AVE BETWEEN UNION ST AND PIKE ST,Commercial Core,0.18,0.246,9.0,0,12,0,-2.0,-2.0,-2.0,9,decrease,Retail,47.61061354,-122.33409932,120.0,1
6TH AVE BETWEEN UNIVERSITY ST AND UNION ST,Commercial Core,0.353,0.499,7.0,0,12,0,-1.625,-1.0,-2.0,9,decrease,Retail,47.609653145,-122.333098765,120.0,2
7TH AVE BETWEEN PINE ST AND OLIVE WAY,Commercial Core,0.405,0.581,9.0,0,12,0,-1.354,-0.5,-2.0,19,decrease,Retail,47.61312767,-122.33463505,120.0,1
9TH AVE BETWEEN 9TH AV I5 EXPRESS ON RP AND PINE ST,Commercial Core,0.024,0.086,9.0,0,12,0,-2.0,-2.0,-2.0,19,decrease,Retail,47.61315189,-122.33170522,120.0,2
9TH AVE BETWEEN PINE ST AND OLIVE WAY,Commercial Core,0.286,0.503,7.0,0,12,0,-1.792,-0.75,-2.0,19,decrease,Retail,47.61399482,-122.33257858,120.0,1
ALASKAN ER WAY BETWEEN MADISON ST AND SPRING ST,Commercial Core,0.544,0.665,8.0,0,12,0,-0.625,-0.25,-2.0,15,decrease,Waterfront,47.60431112,-122.3383856,120.0,1
ALASKAN ER WAY BETWEEN MARION ST AND MADISON ST,Commercial Core,0.387,0.574,6.0,0,12,0,-1.354,-0.5,-2.0,18,decrease,Waterfront,47.60358859,-122.33775965,120.0,1
ALASKAN WAY BETWEEN SPRING ST AND SENECA ST,Commercial Core,0.63,0.78,8.0,0,5,7,-0.354,0.0,-2.0,11,decrease,Waterfront,47.60486127,-122.33933288,120.0,1
ALASKAN WAY BETWEEN UNION ST AND PIKE HILL CLIMB,Commercial Core,0.599,0.702,6.0,0,11,1,-0.458,0.0,-2.0,16,decrease,Waterfront,47.60739771,-122.34183478,120.0,1
ALASKAN WAY BETWEEN UNIVERSITY ST AND UNION ST,Commercial Core,0.659,0.898,4.0,2,6,4,-0.354,0.25,-2.0,11,decrease,Waterfront,47.60644231,-122.3407868,120.0,1
CHERRY ST BETWEEN 3RD AVE AND 4TH AVE,Commercial Core,0.355,0.567,13.0,0,12,0,-1.521,-0.5,-2.0,11,decrease,Financial,47.603715895,-122.33151166,120.0,2
CHERRY ST BETWEEN 4TH AVE AND 5TH AVE,Commercial Core,0.176,0.369,11.0,0,12,0,-1.917,-1.5,-2.0,11,decrease,Financial,47.6042352,-122.33045145,120.0,1
COLUMBIA ST BETWEEN 3RD AVE AND 4TH AVE,Commercial Core,0.239,0.288,9.0,0,12,0,-2.0,-2.0,-2.0,15,decrease,Financial,47.604427545,-122.332163645,120.0,2
COLUMBIA ST BETWEEN 4TH AVE AND 5TH AVE,Commercial Core,0.374,0.432,7.0,0,12,0,-1.458,-1.25,-2.0,11,decrease,Financial,47.604896015,-122.33104392,120.0,2
COLUMBIA ST BETWEEN 5TH AVE AND 6TH AVE,Commercial Core,0.32,0.412,6.0,0,12,0,-1.708,-1.25,-2.0,9,decrease,Financial,47.60541497,-122.3299804,120.0,1
JEFFERSON ST BETWEEN 4TH AVE AND 5TH AVE,Commercial Core,0.254,0.359,16.0,0,12,0,-1.896,-1.5,-2.0,12,decrease,Financial,47.6027045,-122.32904642,120.0,1
JEFFERSON ST BETWEEN 5TH AVE AND 6TH AVE,Commercial Core,0.403,0.511,6.0,0,12,0,-1.375,-0.75,-2.0,16,decrease,Financial,47.60317496,-122.32791788,120.0,1
MADISON ST BETWEEN 2ND AVE AND 3RD AVE,Commercial Core,0.41,0.563,3.0,0,12,0,-1.312,-0.5,-2.0,15,decrease,Financial,47.60534625,-122.33452079,120.0,1
MADISON ST BETWEEN 3RD AVE AND 4TH AVE,Commercial Core,0.417,0.544,6.0,0,12,0,-1.312,-0.75,-2.0,15,decrease,Financial,47.60580762,-122.33341762,120.0,1
MADISON ST BETWEEN 4TH AVE AND 5TH AVE,Commercial Core,0.562,0.729,3.0,0,11,1,-0.625,0.0,-2.0,11,decrease,Financial,47.60627351,-122.33230366,120.0,1
MADISON ST BETWEEN 5TH AVE AND 6TH AVE,Commercial Core,0.394,0.476,5.0,0,12,0,-1.417,-1.0,-2.0,13,decrease,Financial,47.60673566,-122.33119149,120.0,1
MADISON ST BETWEEN ALASKAN E RDWY WAY AND WESTERN AVE,Commercial Core,0.576,0.668,4.0,0,12,0,-0.5,-0.25,-1.25,19,decrease,Waterfront,47.60401219,-122.33770957,120.0,1
MADISON ST BETWEEN POST AVE AND 1ST AVE,Commercial Core,0.792,0.948,5.0,4,2,6,-0.021,0.25,-1.0,17,hold,Waterfront,47.60449757,-122.33654836,120.0,1
MADISON ST BETWEEN WESTERN AVE AND POST AVE,Commercial Core,0.709,0.834,2.0,0,5,7,-0.25,0.0,-1.75,13,hold,Waterfront,47.60439636,-122.33710978,120.0,1
MARION ST BETWEEN 2ND AVE AND 3RD AVE,Commercial Core,0.353,0.462,6.0,0,12,0,-1.583,-1.0,-2.0,16,decrease,Financial,47.60474615,-122.33392185,120.0,1
MARION ST BETWEEN 3RD AVE AND 4TH AVE,Commercial Core,0.312,0.632,7.0,0,12,0,-1.667,-0.25,-2.0,18,decrease,Financial,47.6052007,-122.33283389,120.0,1
MARION ST BETWEEN 4TH AVE AND 5TH AVE,Commercial Core,0.418,0.472,9.0,0,12,0,-1.229,-1.0,-2.0,15,decrease,Financial,47.60567221,-122.33170659,120.0,1
MARION ST BETWEEN 5TH AVE AND 6TH AVE,Commercial Core,0.452,0.62,16.0,0,12,0,-1.125,-0.25,-1.75,11,decrease,Financial,47.60608445,-122.33056351,120.0,2
MARION ST BETWEEN ALASKAN ER WAY AND WESTERN AVE,Commercial Core,0.159,0.333,3.0,0,6,0,-1.917,-1.75,-2.0,14,decrease,Waterfront,47.60339811,-122.33714332,120.0,1
OLIVE WAY BETWEEN 3RD AVE AND 4TH AVE,Commercial Core,0.217,0.382,4.0,0,12,0,-1.917,-1.5,-2.0,18,decrease,Retail,47.61189714,-122.33901686,120.0,1
OLIVE WAY BETWEEN 4TH AVE AND 5TH AVE,Commercial Core,0.462,0.7,5.0,0,11,1,-0.958,0.0,-2.0,12,decrease,Retail,47.61248557,-122.33802771,120.0,1
OLIVE WAY BETWEEN 5TH AVE AND 6TH AVE,Commercial Core,0.328,0.625,4.0,0,12,0,-1.479,-0.25,-2.0,11,decrease,Retail,47.61294182,-122.33693274,120.0,1
OLIVE WAY BETWEEN 6TH AVE AND 7TH AVE,Commercial Core,0.159,0.555,4.0,0,12,0,-1.875,-0.5,-2.0,18,decrease,Retail,47.61341115,-122.33581204,120.0,1
OLIVE WAY BETWEEN 7TH AVE AND HOWELL ST,Commercial Core,0.343,0.454,5.0,0,12,0,-1.625,-1.0,-2.0,16,decrease,Retail,47.61387948,-122.3346818,120.0,1
PIKE ST BETWEEN 4TH AVE AND 5TH AVE,Commercial Core,0.716,0.811,4.0,0,4,8,-0.146,0.0,-1.0,19,hold,Retail,47.61044866,-122.33614543,120.0,2
PINE ST BETWEEN PIKE PL AND POST AL,Commercial Core,0.411,0.786,2.0,0,10,2,-1.271,0.0,-2.0,19,decrease,Waterfront,47.6094665,-122.34155327,120.0,1
PINE ST BETWEEN POST AL AND 1ST AVE,Commercial Core,0.023,0.079,2.0,0,12,0,-2.0,-2.0,-2.0,11,decrease,Waterfront,47.60961649,-122.34119542,120.0,1
SENECA ST BETWEEN 1ST AVE AND 2ND AVE,Commercial Core,0.691,0.855,8.0,1,7,4,-0.208,0.25,-0.75,11,decrease,Retail,47.606354495000005,-122.33698751,120.0,2
SENECA ST BETWEEN 2ND AVE AND 3RD AVE,Commercial Core,0.552,0.745,4.0,0,10,2,-0.667,0.0,-1.5,12,decrease,Retail,47.60688102,-122.33590565,120.0,1
SENECA ST BETWEEN 3RD AVE AND 4TH AVE,Commercial Core,0.399,0.512,9.0,0,12,0,-1.417,-0.75,-2.0,18,decrease,Retail,47.6072883,-122.33476664,120.0,2
SENECA ST BETWEEN 5TH AVE AND 6TH AVE,Commercial Core,0.169,0.226,11.0,0,12,0,-2.0,-2.0,-2.0,15,decrease,Retail,47.60825757,-122.33263214,120.0,1
SENECA ST BETWEEN ALASKAN WAY AND WESTERN AVE,Commercial Core,0.388,0.506,8.0,0,12,0,-1.333,-0.75,-2.0,15,decrease,Waterfront,47.60556775,-122.33904224,120.0,1
SENECA ST BETWEEN WESTERN AVE AND POST AVE,Commercial Core,0.336,0.475,3.0,0,12,0,-1.562,-1.0,-2.0,19,decrease,Waterfront,47.60572997,-122.33831778,120.0,1
SPRING ST BETWEEN ALASKAN WAY AND WESTERN AVE,Commercial Core,0.403,0.592,2.0,0,12,0,-1.292,-0.5,-2.0,15,decrease,Waterfront,47.60482919,-122.33844059,120.0,1
STEWART ST BETWEEN 1ST AVE AND 2ND AVE,Commercial Core,0.416,0.61,6.0,0,12,0,-1.25,-0.25,-2.0,18,decrease,Retail,47.61059687,-122.34081375,120.0,1
STEWART ST BETWEEN 2ND AVE AND 3RD AVE,Commercial Core,0.453,0.571,3.0,0,12,0,-1.083,-0.5,-1.75,16,decrease,Retail,47.61126224,-122.33994252,120.0,1
STEWART ST BETWEEN PIKE PL AND POST AL,Commercial Core,0.253,0.494,4.0,0,12,0,-1.812,-1.0,-2.0,19,decrease,Waterfront,47.60978392,-122.34189906,120.0,1
STEWART ST BETWEEN POST AL AND 1ST AVE,Commercial Core,0.229,0.432,5.0,0,12,0,-1.917,-1.25,-2.0,19,decrease,Waterfront,47.61012337,-122.341665,120.0,1
TERRACE ST BETWEEN YESLER WAY AND 5TH AVE,Commercial Core,0.24,0.327,7.0,0,12,0,-1.958,-1.75,-2.0,12,decrease,Financial,47.60204002,-122.32859988,120.0,1
UNION ST BETWEEN 2ND AVE AND 3RD AVE,Commercial Core,0.395,0.594,4.0,0,12,0,-1.396,-0.5,-2.0,10,decrease,Retail,47.60848168,-122.33737977,120.0,1
UNION ST BETWEEN 3RD AVE AND 4TH AVE,Commercial Core,0.338,0.504,4.0,0,12,0,-1.646,-0.75,-2.0,19,decrease,Retail,47.60892503,-122.33627399,120.0,1
UNION ST BETWEEN 4TH AVE AND 5TH AVE,Commercial Core,0.559,0.616,5.0,0,12,0,-0.583,-0.25,-1.0,19,decrease,Retail,47.60939858,-122.33515851,120.0,1
UNION ST BETWEEN 5TH AVE AND 6TH AVE,Commercial Core,0.512,0.663,3.0,0,12,0,-0.854,-0.25,-1.5,14,decrease,Retail,47.60986131,-122.33407591,120.0,1
UNION ST BETWEEN 6TH AVE AND 7TH AVE,Commercial Core,0.447,0.632,6.0,0,12,0,-1.125,-0.25,-1.75,10,decrease,Retail,47.61031904,-122.33297464,120.0,1
UNION ST BETWEEN WESTERN AVE AND POST AL,Commercial Core,0.419,0.58,3.0,0,12,0,-1.271,-0.5,-1.75,19,decrease,Waterfront,47.60753777,-122.33993334,120.0,1
UNIVERSITY ST BETWEEN 1ST AVE AND 2ND AVE,Commercial Core,0.548,0.67,12.0,0,12,0,-0.667,-0.25,-1.5,14,decrease,Retail,47.60706452,-122.337647925,120.0,2
UNIVERSITY ST BETWEEN 2ND AVE AND 3RD AVE,Commercial Core,0.673,0.856,3.0,1,5,6,-0.229,0.25,-1.25,19,decrease,Retail,47.60748915,-122.33646207,120.0,1
UNIVERSITY ST BETWEEN 3RD AVE AND 4TH AVE,Commercial Core,0.235,0.342,3.0,0,12,0,-1.958,-1.75,-2.0,19,decrease,Retail,47.60806691,-122.33548167,120.0,1
UNIVERSITY ST BETWEEN 4TH AVE AND 5TH AVE,Commercial Core,0.379,0.476,5.0,0,12,0,-1.479,-1.0,-2.0,9,decrease,Retail,47.608456245,-122.33428652,120.0,2
UNIVERSITY ST BETWEEN 5TH AVE AND 6TH AVE,Commercial Core,0.314,0.481,3.0,0,12,0,-1.688,-1.0,-2.0,10,decrease,Retail,47.60897622,-122.33327978,120.0,1
UNIVERSITY ST BETWEEN ALASKAN WAY AND WESTERN AVE,Commercial Core,0.423,0.575,5.0,0,12,0,-1.188,-0.5,-2.0,10,decrease,Waterfront,47.60620503,-122.339679285,120.0,2
WESTERN AVE BETWEEN COLUMBIA ST AND MARION ST,Commercial Core,0.551,0.638,14.0,0,12,0,-0.646,-0.25,-2.0,11,decrease,Waterfront,47.603163135,-122.33636504,120.0,2
WESTERN AVE BETWEEN MADISON ST AND SPRING ST,Commercial Core,0.611,0.73,11.0,0,9,3,-0.438,0.0,-2.0,18,decrease,Waterfront,47.60460413,-122.33768351,120.0,2
WESTERN AVE BETWEEN MARION ST AND MADISON ST,Commercial Core,0.344,0.43,4.0,0,12,0,-1.625,-1.25,-2.0,10,decrease,Waterfront,47.603890615,-122.337040265,120.0,2
WESTERN AVE BETWEEN PIKE ST AND PINE ST,Commercial Core,0.484,0.623,7.0,0,12,0,-0.917,-0.25,-2.0,19,decrease,Waterfront,47.608823105,-122.34155368,120.0,2
WESTERN AVE BETWEEN SENECA ST AND UNIVERSITY ST,Commercial Core,0.496,0.629,11.0,0,12,0,-0.833,-0.25,-2.0,12,decrease,Waterfront,47.606018455,-122.339003705,120.0,2
WESTERN AVE BETWEEN SPRING ST AND SENECA ST,Commercial Core,0.546,0.674,15.0,0,12,0,-0.667,-0.25,-2.0,12,decrease,Waterfront,47.60531014,-122.33833653,120.0,2
WESTERN AVE BETWEEN UNION ST AND PIKE ST,Commercial Core,0.286,0.386,12.0,0,12,0,-1.854,-1.5,-2.0,13,decrease,Waterfront,47.60786351,-122.340658505,120.0,2
WESTERN AVE BETWEEN UNIVERSITY ST AND UNION ST,Commercial Core,0.469,0.575,10.0,0,12,0,-0.979,-0.5,-2.0,19,decrease,Waterfront,47.60683479,-122.33982722,120.0,1
YESLER WAY BETWEEN TERRACE ST AND 6TH AVE,Commercial Core,0.275,0.393,40.0,0,12,0,-1.812,-1.5,-2.0,12,decrease,Financial,47.601713575,-122.327667805,120.0,2
6TH AVE BETWEEN BATTERY ST AND WALL ST,Denny Triangle,0.299,0.387,11.0,0,12,0,-1.792,-1.5,-2.0,19,decrease,North,47.617780620000005,-122.344044275,240.0,2
6TH AVE BETWEEN BELL ST AND BATTERY ST,Denny Triangle,0.205,0.345,9.0,0,12,0,-1.979,-1.75,-2.0,15,decrease,North,47.61700881,-122.34293648,240.0,1
6TH AVE BETWEEN BLANCHARD ST AND BELL ST,Denny Triangle,0.173,0.245,21.0,0,12,0,-2.0,-2.0,-2.0,11,decrease,North,47.616307515,-122.34155693,240.0,2
6TH AVE BETWEEN LENORA ST AND BLANCHARD ST,Denny Triangle,0.345,0.43,10.0,0,12,0,-1.646,-1.25,-2.0,13,decrease,North,47.6154538,-122.34032614,240.0,1
6TH AVE BETWEEN OLIVE WAY AND STEWART ST,Denny Triangle,0.35,0.465,9.0,0,12,0,-1.604,-1.0,-2.0,12,decrease,South,47.61337529,-122.33664107,120.0,2
6TH AVE BETWEEN VIRGINIA ST AND LENORA ST,Denny Triangle,0.257,0.424,10.0,0,12,0,-1.917,-1.25,-2.0,19,decrease,South,47.614767685,-122.33895064,120.0,2
6TH AVE BETWEEN WALL ST AND DENNY WAY,Denny Triangle,0.191,0.248,8.0,0,12,0,-2.0,-2.0,-2.0,10,decrease,North,47.61820358,-122.34494996,240.0,1
6TH AVE BETWEEN WESTLAKE AVE AND VIRGINIA ST,Denny Triangle,0.272,0.43,8.0,0,12,0,-1.854,-1.25,-2.0,19,decrease,South,47.6141992,-122.33799256,120.0,2
7TH AVE BETWEEN BELL ST AND DEXTER AVE,Denny Triangle,0.211,0.298,5.0,0,12,0,-2.0,-2.0,-2.0,13,decrease,North,47.61769659,-122.34172753,240.0,1
7TH AVE BETWEEN BLANCHARD ST AND BELL ST,Denny Triangle,0.157,0.208,15.0,0,12,0,-2.0,-2.0,-2.0,19,decrease,North,47.616969815,-122.34072011,240.0,2
7TH AVE BETWEEN LENORA ST AND BLANCHARD ST,Denny Triangle,0.208,0.304,13.0,0,12,0,-1.979,-1.75,-2.0,12,decrease,North,47.6162881,-122.33933279,120.0,1
7TH AVE BETWEEN OLIVE WAY AND STEWART ST,Denny Triangle,0.407,0.782,6.0,0,11,1,-1.333,0.0,-2.0,9,decrease,South,47.61399229,-122.33560622,120.0,1
7TH AVE BETWEEN STEWART ST AND VIRGINIA ST,Denny Triangle,0.379,0.5,2.0,0,12,0,-1.458,-0.75,-2.0,12,decrease,South,47.6146276,-122.33687047,120.0,1
7TH AVE BETWEEN WESTLAKE AVE AND LENORA ST,Denny Triangle,0.268,0.356,10.0,0,12,0,-1.875,-1.5,-2.0,12,decrease,South,47.615585925000005,-122.3383484,120.0,2
8TH AVE BETWEEN BELL ST AND DENNY WAY,Denny Triangle,0.219,0.311,11.0,0,12,0,-1.958,-1.75,-2.0,18,decrease,North,47.61827758,-122.340905235,240.0,2
8TH AVE BETWEEN BLANCHARD ST AND BELL ST,Denny Triangle,0.289,0.46,5.0,0,12,0,-1.75,-1.0,-2.0,19,decrease,North,47.617634125,-122.33985116,240.0,2
8TH AVE BETWEEN OLIVE WAY AND STEWART ST,Denny Triangle,0.244,0.397,6.0,0,12,0,-1.938,-1.5,-2.0,19,decrease,South,47.61448278,-122.33478081,120.0,1
8TH AVE BETWEEN STEWART ST AND VIRGINIA ST,Denny Triangle,0.056,0.124,6.0,0,12,0,-2.0,-2.0,-2.0,13,decrease,South,47.61540116,-122.33591854,120.0,1
8TH AVE BETWEEN VIRGINIA ST AND WESTLAKE AVE,Denny Triangle,0.391,0.557,7.0,0,12,0,-1.417,-0.5,-2.0,19,decrease,South,47.6160495,-122.33732798,120.0,1
8TH AVE BETWEEN WESTLAKE AVE AND BLANCHARD ST,Denny Triangle,0.15,0.307,4.0,0,12,0,-1.979,-1.75,-2.0,19,decrease,North,47.61706453,-122.33869955,240.0,1
9TH AVE BETWEEN HOWELL ST AND STEWART ST,Denny Triangle,0.219,0.29,11.0,0,12,0,-2.0,-2.0,-2.0,10,decrease,North,47.61529696,-122.3337482,240.0,1
9TH AVE BETWEEN LENORA ST AND BLANCHARD ST,Denny Triangle,0.39,0.485,8.0,0,12,0,-1.417,-1.0,-2.0,10,decrease,North,47.61759839,-122.33766765,240.0,1
9TH AVE BETWEEN STEWART ST AND VIRGINIA ST,Denny Triangle,0.331,0.465,6.0,0,12,0,-1.729,-1.0,-2.0,10,decrease,North,47.61600319,-122.33508986,240.0,2
9TH AVE BETWEEN VIRGINIA ST AND LENORA ST,Denny Triangle,0.375,0.494,10.0,0,12,0,-1.479,-1.0,-2.0,18,decrease,North,47.616767185,-122.336384535,240.0,2
9TH AVE BETWEEN WESTLAKE AVE AND DENNY WAY,Denny Triangle,0.271,0.431,3.0,0,12,0,-1.771,-1.25,-2.0,15,decrease,North,47.61827352,-122.33879349,240.0,1
BELL ST BETWEEN 6TH AVE AND 7TH AVE,Denny Triangle,0.17,0.305,5.0,0,12,0,-1.979,-1.75,-2.0,17,decrease,North,47.61701942,-122.34168549,240.0,1
BELL ST BETWEEN 8TH AVE AND DENNY WAY,Denny Triangle,0.192,0.227,4.0,0,12,0,-2.0,-2.0,-2.0,19,decrease,North,47.6182605,-122.34007491,240.0,1
BLANCHARD ST BETWEEN 6TH AVE AND 7TH AVE,Denny Triangle,0.227,0.347,4.0,0,12,0,-1.958,-1.75,-2.0,19,decrease,North,47.61632966,-122.3405162,240.0,1
BOREN AVE BETWEEN FAIRVIEW AVE AND DENNY WAY,Denny Triangle,0.167,0.262,11.0,0,12,0,-2.0,-2.0,-2.0,19,decrease,North,47.61820994,-122.334852985,240.0,2
EASTLAKE AVE BETWEEN HOWELL ST AND DENNY LOWER WAY,Denny Triangle,0.094,0.141,5.0,0,12,0,-2.0,-2.0,-2.0,13,decrease,North,47.61818495,-122.32926153,240.0,1
HOWELL ST BETWEEN 9TH AVE AND TERRY AVE,Denny Triangle,0.135,0.195,20.0,0,12,0,-2.0,-2.0,-2.0,9,decrease,North,47.615173105,-122.332721365,240.0,2
HOWELL ST BETWEEN BOREN AVE AND MINOR AVE,Denny Triangle,0.225,0.405,5.0,0,12,0,-1.938,-1.25,-2.0,18,decrease,North,47.61655931,-122.33105726,240.0,1
HOWELL ST BETWEEN MINOR AVE AND YALE AVE,Denny Triangle,0.213,0.415,3.0,0,12,0,-1.833,-1.25,-2.0,11,decrease,North,47.61721619,-122.3302179,240.0,1
HOWELL ST BETWEEN TERRY AVE AND BOREN AVE,Denny Triangle,0.074,0.18,17.0,0,12,0,-2.0,-2.0,-2.0,11,decrease,North,47.615839435,-122.331865395,240.0,2
HOWELL ST BETWEEN YALE AVE AND EASTLAKE AVE,Denny Triangle,0.158,0.297,4.0,0,12,0,-2.0,-2.0,-2.0,15,decrease,North,47.61771697,-122.329559,240.0,1
LENORA ST BETWEEN 6TH AVE AND 7TH AVE,Denny Triangle,0.167,0.407,3.0,0,12,0,-1.938,-1.25,-2.0,19,decrease,South,47.6154348,-122.33913495,120.0,1
LENORA ST BETWEEN 7TH AVE AND 8TH AVE,Denny Triangle,0.12,0.217,5.0,0,12,0,-2.0,-2.0,-2.0,19,decrease,South,47.61602424,-122.33838309,120.0,1
LENORA ST BETWEEN 8TH AVE AND 9TH AVE,Denny Triangle,0.546,0.752,1.0,0,10,2,-0.708,0.0,-2.0,10,decrease,North,47.61675811,-122.33742376,240.0,1
LENORA ST BETWEEN 9TH AVE AND TERRY AVE,Denny Triangle,0.49,0.59,4.0,0,12,0,-0.896,-0.5,-2.0,10,decrease,North,47.61755058,-122.33668489,240.0,1
LENORA ST BETWEEN TERRY AVE AND BOREN AVE,Denny Triangle,0.21,0.284,15.0,0,12,0,-2.0,-2.0,-2.0,13,decrease,North,47.618147105,-122.33574783,240.0,2
MINOR AVE BETWEEN HOWELL ST AND STEWART ST,Denny Triangle,0.273,0.361,15.0,0,12,0,-1.875,-1.5,-2.0,12,decrease,North,47.61722005,-122.331200335,240.0,2
MINOR AVE BETWEEN OLIVE WAY AND HOWELL ST,Denny Triangle,0.145,0.28,8.0,0,12,0,-2.0,-2.0,-2.0,11,decrease,North,47.61645359,-122.33001488,240.0,1
OLIVE WAY BETWEEN 9TH AVE AND TERRY AVE,Denny Triangle,0.178,0.352,6.0,0,12,0,-1.938,-1.5,-2.0,11,decrease,North,47.6148061,-122.33244613,120.0,1
STEWART ST BETWEEN 6TH AVE AND 7TH AVE,Denny Triangle,0.279,0.417,10.0,0,12,0,-1.771,-1.25,-2.0,19,decrease,South,47.613951535,-122.33659474,120.0,2
STEWART ST BETWEEN 7TH AVE AND 8TH AVE,Denny Triangle,0.178,0.426,7.0,0,12,0,-1.875,-1.25,-2.0,10,decrease,South,47.61456869,-122.33566247,120.0,1
STEWART ST BETWEEN 8TH AVE AND 9TH AVE,Denny Triangle,0.147,0.239,16.0,0,12,0,-2.0,-2.0,-2.0,11,decrease,North,47.615284125,-122.334874415,240.0,2
STEWART ST BETWEEN 9TH AVE AND TERRY AVE,Denny Triangle,0.263,0.384,10.0,0,12,0,-1.812,-1.5,-2.0,15,decrease,North,47.615949255,-122.334013965,240.0,2
STEWART ST BETWEEN BOREN AVE AND MINOR AVE,Denny Triangle,0.18,0.285,12.0,0,12,0,-2.0,-2.0,-2.0,12,decrease,North,47.61728393,-122.332279715,240.0,2
STEWART ST BETWEEN MINOR AVE AND YALE AVE,Denny Triangle,0.096,0.267,7.0,0,4,0,-2.0,-2.0,-2.0,19,decrease,North,47.61789756,-122.33135135,240.0,1
STEWART ST BETWEEN TERRY AVE AND BOREN AVE,Denny Triangle,0.177,0.289,11.0,0,12,0,-2.0,-2.0,-2.0,12,decrease,North,47.61659227,-122.333168865,240.0,2
TERRY AVE BETWEEN HOWELL ST AND STEWART ST,Denny Triangle,0.177,0.276,6.0,0,12,0,-2.0,-2.0,-2.0,18,decrease,North,47.61593642,-122.33286034,240.0,1
TERRY AVE BETWEEN LENORA ST AND DENNY WAY,Denny Triangle,0.359,0.56,6.0,0,12,0,-1.562,-0.5,-2.0,18,decrease,North,47.61815513,-122.336734165,240.0,2
TERRY AVE BETWEEN STEWART ST AND VIRGINIA ST,Denny Triangle,0.157,0.381,5.0,0,12,0,-1.958,-1.5,-2.0,19,decrease,North,47.61671369,-122.33418299,240.0,1
TERRY AVE BETWEEN VIRGINIA ST AND LENORA ST,Denny Triangle,0.13,0.296,7.0,0,12,0,-2.0,-2.0,-2.0,11,decrease,North,47.61744565,-122.3355333,240.0,2
VIRGINIA ST BETWEEN 7TH AVE AND 8TH AVE,Denny Triangle,0.273,0.386,3.0,0,12,0,-1.896,-1.5,-2.0,19,decrease,South,47.61544257,-122.3370847,120.0,1
VIRGINIA ST BETWEEN 9TH AVE AND TERRY AVE,Denny Triangle,0.102,0.311,5.0,0,12,0,-1.979,-1.75,-2.0,19,decrease,North,47.61676587,-122.335373,240.0,1
VIRGINIA ST BETWEEN BOREN AVE AND MINOR AVE,Denny Triangle,0.28,0.391,3.0,0,12,0,-1.896,-1.5,-2.0,10,decrease,North,47.61799607,-122.33351256,240.0,1
WESTLAKE AVE BETWEEN 6TH AVE AND VIRGINIA ST,Denny Triangle,0.197,0.249,14.0,0,12,0,-2.0,-2.0,-2.0,18,decrease,South,47.614407685,-122.33765763,120.0,2
WESTLAKE AVE BETWEEN 7TH AVE AND 8TH AVE,Denny Triangle,0.219,0.281,15.0,0,12,0,-2.0,-2.0,-2.0,11,decrease,South,47.615854885000005,-122.33796139,120.0,2
WESTLAKE AVE BETWEEN LENORA ST AND BLANCHARD ST,Denny Triangle,0.186,0.292,16.0,0,12,0,-2.0,-2.0,-2.0,19,decrease,North,47.61713502,-122.33818552,240.0,2
YALE AVE BETWEEN HOWELL ST AND STEWART ST,Denny Triangle,0.125,0.242,14.0,0,12,0,-2.0,-2.0,-2.0,10,decrease,North,47.61788541,-122.33034592,240.0,2
7TH AVE BETWEEN CHERRY ST AND COLUMBIA ST,First Hill,0.1,0.185,5.0,0,12,0,-2.0,-2.0,-2.0,10,decrease,,47.60573702,-122.32786582,120.0,1
7TH AVE BETWEEN JAMES ST AND CHERRY ST,First Hill,0.038,0.064,14.0,0,12,0,-2.0,-2.0,-2.0,9,decrease,,47.60499284,-122.327311345,120.0,2
7TH AVE BETWEEN MADISON ST AND SPRING ST,First Hill,0.124,0.22,6.0,0,12,0,-2.0,-2.0,-2.0,19,decrease,,47.60788056,-122.32985799,120.0,1
7TH AVE BETWEEN MADISON ST OFF RP AND MADISON ST,First Hill,0.246,0.427,6.0,0,11,0,-1.818,-1.25,-2.0,14,decrease,,47.60718833,-122.32922007,120.0,1
8TH AVE BETWEEN CHERRY ST AND COLUMBIA ST,First Hill,0.157,0.25,8.0,0,12,0,-2.0,-2.0,-2.0,9,decrease,,47.606160855,-122.326837015,120.0,2
8TH AVE BETWEEN COLUMBIA ST AND MARION ST,First Hill,0.558,0.849,5.0,0,8,4,-0.75,0.0,-2.0,9,decrease,,47.60689983,-122.32742018,120.0,1
8TH AVE BETWEEN JAMES ST AND CHERRY ST,First Hill,0.059,0.105,11.0,0,12,0,-2.0,-2.0,-2.0,13,decrease,,47.60546314,-122.326198585,120.0,2
8TH AVE BETWEEN MADISON ST AND SPRING ST,First Hill,0.217,0.372,6.0,0,12,0,-1.938,-1.5,-2.0,9,decrease,,47.60828548,-122.32885421,120.0,1
8TH AVE BETWEEN MARION ST AND MADISON ST,First Hill,0.176,0.371,3.0,0,12,0,-1.958,-1.5,-2.0,14,decrease,,47.60759861,-122.32806872,120.0,1
8TH AVE BETWEEN SPRING ST AND SENECA ST,First Hill,0.146,0.22,4.0,0,12,0,-2.0,-2.0,-2.0,9,decrease,,47.6090517,-122.32941216,120.0,1
9TH AVE BETWEEN CHERRY ST AND COLUMBIA ST,First Hill,0.05,0.088,11.0,0,12,0,-2.0,-2.0,-2.0,18,decrease,,47.60662868,-122.325729575,120.0,2
9TH AVE BETWEEN COLUMBIA ST AND MARION ST,First Hill,0.062,0.116,9.0,0,12,0,-2.0,-2.0,-2.0,10,decrease,,47.607340585,-122.32638358,120.0,2
9TH AVE BETWEEN E FIR ST AND ALDER ST,First Hill,0.052,0.11,5.0,0,12,0,-2.0,-2.0,-2.0,18,decrease,,47.60310302,-122.32239979,120.0,1
9TH AVE BETWEEN MADISON ST AND SPRING ST,First Hill,0.214,0.293,6.0,0,12,0,-2.0,-2.0,-2.0,9,decrease,,47.60875479,-122.32780118,120.0,1
9TH AVE BETWEEN MARION ST AND MADISON ST,First Hill,0.119,0.17,8.0,0,12,0,-2.0,-2.0,-2.0,11,decrease,,47.60805784,-122.32703998,120.0,2
9TH AVE BETWEEN SENECA ST AND UNIVERSITY ST,First Hill,0.201,0.288,4.0,0,12,0,-2.0,-2.0,-2.0,10,decrease,,47.61018833,-122.32906872,120.0,1
9TH AVE BETWEEN SPRING ST AND SENECA ST,First Hill,0.124,0.219,6.0,0,12,0,-2.0,-2.0,-2.0,10,decrease,,47.60945231,-122.32843867,120.0,1
ALDER ST BETWEEN 9TH AVE AND TERRY AVE,First Hill,0.089,0.112,19.0,0,12,0,-2.0,-2.0,-2.0,11,decrease,,47.603646335,-122.32222189,120.0,2
ALDER ST BETWEEN DEAD END AND 9TH AVE,First Hill,0.023,0.047,8.0,0,12,0,-2.0,-2.0,-2.0,12,decrease,,47.60303707,-122.32354044,120.0,1
ALDER ST BETWEEN TERRY AVE AND BROADWAY,First Hill,0.066,0.11,10.0,0,12,0,-2.0,-2.0,-2.0,9,decrease,,47.604072435,-122.321218165,120.0,2
BOYLSTON AVE BETWEEN MADISON ST AND SPRING ST,First Hill,0.061,0.101,13.0,0,12,0,-2.0,-2.0,-2.0,9,decrease,,47.611105485,-122.322176065,120.0,2
BOYLSTON AVE BETWEEN MARION ST AND MADISON ST,First Hill,0.24,0.316,5.0,0,12,0,-1.958,-1.75,-2.0,11,decrease,,47.61039901,-122.3214265,120.0,1
BOYLSTON AVE BETWEEN SENECA ST AND UNIVERSITY W ST,First Hill,0.054,0.07,15.0,0,12,0,-2.0,-2.0,-2.0,19,decrease,,47.612532915,-122.32346696,120.0,2
BOYLSTON AVE BETWEEN SPRING ST AND SENECA ST,First Hill,0.109,0.138,14.0,0,12,0,-2.0,-2.0,-2.0,19,decrease,,47.61180567,-122.32278894,120.0,2
BROADWAY BETWEEN BOYLSTON AVE AND MARION ST,First Hill,0.26,0.594,3.0,0,12,0,-1.792,-0.5,-2.0,19,decrease,,47.60984775,-122.32064833,120.0,1
BROADWAY BETWEEN HARVARD AVE AND E UNION ST,First Hill,0.3,0.632,7.0,0,12,0,-1.521,-0.25,-2.0,19,decrease,,47.6121046,-122.32063959,120.0,1
BROADWAY BETWEEN MARION ST AND MADISON ST,First Hill,0.151,0.308,3.0,0,12,0,-1.979,-1.75,-2.0,19,decrease,,47.61063958,-122.32064974,120.0,1
BROADWAY BETWEEN YESLER WAY AND E FIR ST,First Hill,0.139,0.166,12.0,0,12,0,-2.0,-2.0,-2.0,16,decrease,,47.602198195,-122.32073863,120.0,2
CHERRY ST BETWEEN 7TH AVE AND 8TH AVE,First Hill,0.034,0.076,4.0,0,12,0,-2.0,-2.0,-2.0,8,decrease,,47.60553137,-122.32700515,120.0,1
CHERRY ST BETWEEN 8TH AVE AND 9TH AVE,First Hill,0.058,0.104,7.0,0,12,0,-2.0,-2.0,-2.0,15,decrease,,47.60600256,-122.32592436,120.0,1
CHERRY ST BETWEEN 9TH AVE AND TERRY AVE,First Hill,0.073,0.109,19.0,0,12,0,-2.0,-2.0,-2.0,11,decrease,,47.606509055,-122.324828395,120.0,2
CHERRY ST BETWEEN BOREN AVE AND MINOR AVE,First Hill,0.182,0.221,11.0,0,12,0,-2.0,-2.0,-2.0,19,decrease,,47.60739467,-122.32255557,120.0,1
CHERRY ST BETWEEN MINOR AVE AND BROADWAY,First Hill,0.157,0.231,3.0,0,12,0,-2.0,-2.0,-2.0,14,decrease,,47.60787279,-122.32142554,120.0,1
CHERRY ST BETWEEN TERRY AVE AND BOREN AVE,First Hill,0.073,0.124,17.0,0,12,0,-2.0,-2.0,-2.0,14,decrease,,47.60696168,-122.323745645,120.0,2
COLUMBIA ST BETWEEN 7TH AVE AND 8TH AVE,First Hill,0.116,0.265,7.0,0,12,0,-2.0,-2.0,-2.0,9,decrease,,47.60626271,-122.327653,120.0,1
COLUMBIA ST BETWEEN 8TH AVE AND 9TH AVE,First Hill,0.093,0.152,9.0,0,12,0,-2.0,-2.0,-2.0,9,decrease,,47.606704,-122.32659016,120.0,1
COLUMBIA ST BETWEEN 9TH AVE AND TERRY AVE,First Hill,0.113,0.18,17.0,0,12,0,-2.0,-2.0,-2.0,14,decrease,,47.607223765,-122.32548568,120.0,2
COLUMBIA ST BETWEEN TERRY AVE AND BOREN AVE,First Hill,0.159,0.215,15.0,0,12,0,-2.0,-2.0,-2.0,9,decrease,,47.607679315,-122.324388425,120.0,2
E CHERRY ST BETWEEN BROADWAY AND DEAD END,First Hill,0.185,0.281,3.0,0,12,0,-2.0,-2.0,-2.0,15,decrease,,47.60799308,-122.32002768,120.0,1
HARVARD AVE BETWEEN BROADWAY AND SPRING ST,First Hill,0.113,0.281,4.0,0,12,0,-2.0,-2.0,-2.0,19,decrease,,47.61172363,-122.32110205,120.0,1
HARVARD AVE BETWEEN SPRING ST AND SENECA ST,First Hill,0.187,0.458,10.0,0,12,0,-1.875,-1.0,-2.0,19,decrease,,47.6122992,-122.32172431,120.0,2
HUBBELL PL BETWEEN 9TH AVE AND PIKE ST,First Hill,0.125,0.156,10.0,0,12,0,-2.0,-2.0,-2.0,19,decrease,,47.6121682,-122.32995858,120.0,1
HUBBELL PL BETWEEN UNIVERSITY ST AND 9TH AVE,First Hill,0.041,0.07,13.0,0,12,0,-2.0,-2.0,-2.0,9,decrease,,47.61057752,-122.33064935,120.0,1
JEFFERSON ST BETWEEN 9TH AVE AND TERRY AVE,First Hill,0.087,0.136,4.0,0,12,0,-2.0,-2.0,-2.0,14,decrease,,47.60501562,-122.32356438,120.0,1
JEFFERSON ST BETWEEN TERRY AVE AND BOREN AVE,First Hill,0.056,0.1,9.0,0,12,0,-2.0,-2.0,-2.0,19,decrease,,47.60548567,-122.32240985,120.0,1
MARION ST BETWEEN 7TH AVE AND 8TH AVE,First Hill,0.311,0.447,12.0,0,12,0,-1.667,-1.25,-2.0,9,decrease,,47.60700844,-122.328354265,120.0,2
MARION ST BETWEEN 8TH AVE AND 9TH AVE,First Hill,0.065,0.159,6.0,0,12,0,-2.0,-2.0,-2.0,9,decrease,,47.60743217,-122.32723738,120.0,1
MARION ST BETWEEN 9TH AVE AND TERRY AVE,First Hill,0.08,0.116,17.0,0,12,0,-2.0,-2.0,-2.0,14,decrease,,47.607936095,-122.32613247,120.0,2
MARION ST BETWEEN TERRY AVE AND BOREN AVE,First Hill,0.184,0.305,10.0,0,12,0,-1.979,-1.75,-2.0,9,decrease,,47.60839507,-122.325042845,120.0,2
MINOR AVE BETWEEN JAMES ST AND CHERRY ST,First Hill,0.227,0.292,5.0,0,12,0,-2.0,-2.0,-2.0,10,decrease,,47.60734463,-122.32168833,120.0,1
MINOR AVE BETWEEN MADISON ST AND SPRING ST,First Hill,0.1,0.186,8.0,0,12,0,-2.0,-2.0,-2.0,10,decrease,,47.610181765,-122.32436848,120.0,2
MINOR AVE BETWEEN MARION ST AND MADISON ST,First Hill,0.202,0.269,9.0,0,12,0,-2.0,-2.0,-2.0,13,decrease,,47.60945302499999,-122.323692705,120.0,2
MINOR AVE BETWEEN SENECA ST AND UNIVERSITY ST,First Hill,0.078,0.128,12.0,0,12,0,-2.0,-2.0,-2.0,19,decrease,,47.61160444,-122.32566749,120.0,2
MINOR AVE BETWEEN SPRING ST AND SENECA ST,First Hill,0.055,0.09,15.0,0,12,0,-2.0,-2.0,-2.0,14,decrease,,47.610876855,-122.32499841,120.0,2
MINOR AVE BETWEEN UNIVERSITY ST AND UNION ST,First Hill,0.061,0.081,15.0,0,12,0,-2.0,-2.0,-2.0,15,decrease,,47.612439345,-122.326451085,120.0,2
SENECA ST BETWEEN 8TH AVE AND 9TH AVE,First Hill,0.224,0.331,11.0,0,12,0,-1.938,-1.75,-2.0,9,decrease,,47.609613205,-122.32920691,120.0,2
SENECA ST BETWEEN 9TH AVE AND TERRY AVE,First Hill,0.241,0.303,8.0,0,12,0,-1.979,-1.75,-2.0,14,decrease,,47.610082345,-122.328096855,120.0,2
SENECA ST BETWEEN BOREN AVE AND MINOR AVE,First Hill,0.214,0.26,7.0,0,12,0,-2.0,-2.0,-2.0,10,decrease,,47.611020785,-122.325860715,120.0,2
SENECA ST BETWEEN BOYLSTON AVE AND HARVARD AVE,First Hill,0.14,0.242,7.0,0,12,0,-2.0,-2.0,-2.0,19,decrease,,47.6124063,-122.322520275,120.0,2
SENECA ST BETWEEN MINOR AVE AND SUMMIT AVE,First Hill,0.105,0.165,11.0,0,12,0,-2.0,-2.0,-2.0,14,decrease,,47.611460025,-122.324760495,120.0,2
SENECA ST BETWEEN SUMMIT AVE AND BOYLSTON AVE,First Hill,0.117,0.176,14.0,0,12,0,-2.0,-2.0,-2.0,10,decrease,,47.61193109,-122.32365729,120.0,2
SENECA ST BETWEEN TERRY AVE AND BOREN AVE,First Hill,0.14,0.207,15.0,0,12,0,-2.0,-2.0,-2.0,9,decrease,,47.61052338499999,-122.327019275,120.0,2
SPRING ST BETWEEN 7TH AVE AND 8TH AVE,First Hill,0.213,0.29,11.0,0,12,0,-2.0,-2.0,-2.0,19,decrease,,47.60843487,-122.329661275,120.0,2
SPRING ST BETWEEN 8TH AVE AND 9TH AVE,First Hill,0.153,0.251,8.0,0,12,0,-2.0,-2.0,-2.0,9,decrease,,47.60883822,-122.3285232,120.0,1
SPRING ST BETWEEN BOREN AVE AND MINOR AVE,First Hill,0.06,0.118,11.0,0,12,0,-2.0,-2.0,-2.0,10,decrease,,47.61029746,-122.325196595,120.0,2
SPRING ST BETWEEN BOYLSTON AVE AND HARVARD AVE,First Hill,0.095,0.215,9.0,0,12,0,-2.0,-2.0,-2.0,19,decrease,,47.611678685,-122.32190138,120.0,2
SPRING ST BETWEEN MINOR AVE AND SUMMIT AVE,First Hill,0.058,0.087,14.0,0,12,0,-2.0,-2.0,-2.0,11,decrease,,47.61074904,-122.32412071,120.0,2
SPRING ST BETWEEN SUMMIT AVE AND BOYLSTON AVE,First Hill,0.156,0.287,14.0,0,12,0,-2.0,-2.0,-2.0,19,decrease,,47.611216945,-122.322994035,120.0,2
SPRING ST BETWEEN TERRY AVE AND BOREN AVE,First Hill,0.084,0.128,11.0,0,12,0,-2.0,-2.0,-2.0,18,decrease,,47.60980988,-122.326370035,120.0,2
SUMMIT AVE BETWEEN MADISON ST AND SPRING ST,First Hill,0.11,0.159,16.0,0,12,0,-2.0,-2.0,-2.0,10,decrease,,47.610648,-122.323259295,120.0,2
SUMMIT AVE BETWEEN SENECA ST AND UNIVERSITY ST,First Hill,0.055,0.084,18.0,0,12,0,-2.0,-2.0,-2.0,15,decrease,,47.61206628,-122.324563595,120.0,2
SUMMIT AVE BETWEEN SPRING ST AND SENECA ST,First Hill,0.12,0.158,12.0,0,12,0,-2.0,-2.0,-2.0,11,decrease,,47.611341,-122.32390028,120.0,2
SUMMIT AVE BETWEEN UNIVERSITY ST AND E UNION ST,First Hill,0.3,0.415,5.0,0,12,0,-1.812,-1.25,-2.0,15,decrease,,47.61267365,-122.32520538,120.0,1
TERRACE ST BETWEEN DEAD END 2 AND TERRY AVE,First Hill,0.042,0.076,5.0,0,12,0,-2.0,-2.0,-2.0,9,decrease,,47.60449698,-122.32270131,120.0,1
TERRACE ST BETWEEN TERRY AVE AND BOREN AVE,First Hill,0.036,0.073,15.0,0,12,0,-2.0,-2.0,-2.0,9,decrease,,47.60481883999999,-122.32177683,120.0,2
TERRY AVE BETWEEN ALDER ST AND TERRACE ST,First Hill,0.041,0.059,16.0,0,12,0,-2.0,-2.0,-2.0,16,decrease,,47.60423875,-122.32201555,120.0,2
TERRY AVE BETWEEN CHERRY ST AND COLUMBIA ST,First Hill,0.229,0.319,7.0,0,12,0,-1.979,-1.75,-2.0,11,decrease,,47.60711941,-122.32455178,120.0,1
TERRY AVE BETWEEN JAMES ST AND CHERRY ST,First Hill,0.056,0.1,10.0,0,12,0,-2.0,-2.0,-2.0,14,decrease,,47.60636065,-122.32404909,120.0,1
TERRY AVE BETWEEN MADISON ST AND SPRING ST,First Hill,0.182,0.241,3.0,0,12,0,-2.0,-2.0,-2.0,19,decrease,,47.60920979,-122.32669044,120.0,1
TERRY AVE BETWEEN MARION ST AND MADISON ST,First Hill,0.233,0.341,5.0,0,12,0,-1.938,-1.75,-2.0,9,decrease,,47.60852007,-122.32591512,120.0,2
TERRY AVE BETWEEN TERRACE ST AND JEFFERSON ST,First Hill,0.083,0.117,13.0,0,12,0,-2.0,-2.0,-2.0,11,decrease,,47.604950115,-122.322665395,120.0,2
TERRY AVE BETWEEN UNIVERSITY ST AND UNION ST,First Hill,0.181,0.244,10.0,0,12,0,-2.0,-2.0,-2.0,9,decrease,,47.61148793,-122.32872707,120.0,1
UNION ST BETWEEN BOREN AVE AND MINOR AVE,First Hill,0.036,0.07,7.0,0,12,0,-2.0,-2.0,-2.0,13,decrease,,47.61268211,-122.327372,120.0,1
UNION ST BETWEEN TERRY AVE AND BOREN AVE,First Hill,0.083,0.162,8.0,0,12,0,-2.0,-2.0,-2.0,10,decrease,,47.61219682,-122.32852377,120.0,1
UNIVERSITY ST BETWEEN 9TH AVE AND TERRY AVE,First Hill,0.217,0.283,10.0,0,12,0,-2.0,-2.0,-2.0,9,decrease,,47.61077593,-122.328777645,120.0,2
UNIVERSITY ST BETWEEN BOREN AVE AND MINOR AVE,First Hill,0.059,0.108,10.0,0,12,0,-2.0,-2.0,-2.0,18,decrease,,47.61172991,-122.3265162,120.0,2
UNIVERSITY ST BETWEEN MINOR AVE AND SUMMIT AVE,First Hill,0.117,0.18,18.0,0,12,0,-2.0,-2.0,-2.0,18,decrease,,47.612180575,-122.325431195,120.0,2
UNIVERSITY ST BETWEEN SUMMIT AVE AND BOYLSTON W AVE,First Hill,0.04,0.071,19.0,0,12,0,-2.0,-2.0,-2.0,19,decrease,,47.612637015,-122.32430922,120.0,2
UNIVERSITY ST BETWEEN TERRY AVE AND BOREN AVE,First Hill,0.071,0.094,13.0,0,12,0,-2.0,-2.0,-2.0,10,decrease,,47.611245875,-122.327653965,120.0,2
YESLER WAY BETWEEN 8TH AVE AND BROADWAY,First Hill,0.156,0.217,3.0,0,12,0,-2.0,-2.0,-2.0,18,decrease,,47.60164437,-122.32160244,120.0,1
EVANSTON AVE N BETWEEN N 34TH ST AND N 35TH ST,Fremont,0.29,0.402,15.0,0,12,0,-1.75,-1.25,-2.0,14,decrease,,47.650279955,-122.35129688,120.0,2
EVANSTON AVE N BETWEEN N 35TH ST AND N 36TH ST,Fremont,0.493,0.666,5.0,0,12,0,-0.854,-0.25,-2.0,19,decrease,,47.651032015,-122.351305035,120.0,2
FREMONT AVE N BETWEEN FREMONT PL N AND N 36TH ST,Fremont,0.246,0.454,6.0,0,12,0,-1.771,-1.0,-2.0,19,decrease,,47.650938735,-122.34989404,120.0,2
FREMONT PL N BETWEEN FREMONT AVE N AND N 36TH ST,Fremont,0.35,0.52,5.0,0,12,0,-1.458,-0.75,-2.0,19,decrease,,47.65102833,-122.35055557,120.0,1
N 35TH ST BETWEEN EVANSTON AVE N AND FREMONT AVE N,Fremont,0.305,0.499,20.0,0,12,0,-1.604,-1.0,-2.0,12,decrease,,47.650662275,-122.350791675,120.0,2
N 36TH ST BETWEEN FREMONT PL N AND FREMONT AVE N,Fremont,0.463,0.662,10.0,0,12,0,-1.0,-0.25,-2.0,19,decrease,,47.65135825,-122.35054548,120.0,1
1ST AVE NE BETWEEN WOODLAWN S AVE NE AND EAST GREEN LAKE WAY N,Green Lake,0.257,0.436,10.0,0,12,0,-1.812,-1.25,-2.0,19,decrease,,47.677910325,-122.328313365,120.0,2
2ND AVE NE BETWEEN WOODLAWN S AVE NE AND EAST GREEN LAKE WAY N,Green Lake,0.316,0.398,11.0,0,12,0,-1.688,-1.5,-2.0,15,decrease,,47.677966305,-122.327368775,120.0,2
4TH AVE NE BETWEEN WOODLAWN S AVE NE AND EAST GREEN LAKE WAY N,Green Lake,0.378,0.511,11.0,0,12,0,-1.438,-0.75,-2.0,12,decrease,,47.678204615,-122.32651025,120.0,2
EAST GREEN LAKE DR N BETWEEN NE 72ND ST AND NE MAPLE LEAF PL,Green Lake,0.688,0.878,3.0,1,5,6,-0.25,0.25,-2.0,17,decrease,,47.68054512,-122.32586409,120.0,1
EAST GREEN LAKE WAY N BETWEEN 1ST AVE NE AND 2ND AVE NE,Green Lake,0.518,0.763,3.0,0,10,2,-0.729,0.0,-2.0,18,decrease,,47.67823695,-122.32790625,120.0,1
EAST GREEN LAKE WAY N BETWEEN 2ND AVE NE AND 4TH AVE NE,Green Lake,0.47,0.638,3.0,0,12,0,-1.0,-0.25,-2.0,19,decrease,,47.67837391,-122.3271234,120.0,1
EAST GREEN LAKE WAY N BETWEEN 4TH AVE NE AND NE RAVENNA SR BV,Green Lake,0.46,0.564,5.0,0,12,0,-1.062,-0.5,-2.0,18,decrease,,47.67867099,-122.32641739,120.0,1
EAST GREEN LAKE WAY N BETWEEN SUNNYSIDE AVE N AND 1ST AVE NE,Green Lake,0.45,0.73,3.0,0,11,1,-1.021,0.0,-2.0,18,decrease,,47.67826927,-122.32884207,120.0,1
NE 70TH ST BETWEEN NE RAVENNA WB BV AND OSWEGO PL NE,Green Lake,0.529,0.644,6.0,0,12,0,-0.688,-0.25,-2.0,19,decrease,,47.67912716,-122.324194125,120.0,2
NE 71ST ST BETWEEN EAST GREEN LAKE DR N AND WOODLAWN AVE NE,Green Lake,0.452,0.576,9.0,0,12,0,-1.083,-0.5,-2.0,19,decrease,,47.679812465,-122.325061415,120.0,2
NE 71ST ST BETWEEN WOODLAWN AVE NE AND 5TH AVE NE,Green Lake,0.512,0.615,16.0,0,12,0,-0.792,-0.25,-1.75,19,decrease,,47.679969175,-122.323695725,120.0,2
NE 72ND ST BETWEEN EAST GREEN LAKE DR N AND WOODLAWN AVE NE,Green Lake,0.605,0.697,13.0,0,12,0,-0.438,-0.25,-1.75,18,decrease,,47.680403635,-122.325249645,120.0,2
NE 72ND ST BETWEEN WOODLAWN AVE NE AND 5TH AVE NE,Green Lake,0.58,0.783,16.0,0,10,2,-0.562,0.0,-2.0,19,decrease,,47.68069362,-122.323756695,120.0,2
NE MAPLE LEAF PL BETWEEN EAST GREEN LAKE DR N AND WOODLAWN AVE NE,Green Lake,0.622,0.794,5.0,0,10,2,-0.458,0.0,-2.0,10,decrease,,47.68090582,-122.32559295,120.0,1
NE RAVENNA SR BV BETWEEN EAST GREEN LAKE WAY N AND WOODLAWN AVE NE,Green Lake,0.292,0.489,7.0,0,12,0,-1.729,-1.0,-2.0,13,decrease,,47.67897032,-122.32559922,120.0,1
NE RAVENNA WB BV BETWEEN NE 71ST ST AND WOODLAWN AVE NE,Green Lake,0.504,0.67,4.0,0,12,0,-0.854,-0.25,-2.0,19,decrease,,47.67939115,-122.32509186,120.0,1
WOODLAWN AVE NE BETWEEN 2ND S AVE NE AND 4TH S AVE NE,Green Lake,0.564,0.726,2.0,0,10,2,-0.583,0.0,-2.0,13,decrease,,47.6777611,-122.32672656,120.0,1
WOODLAWN AVE NE BETWEEN 5TH AVE NE AND NE RAVENNA EB BV,Green Lake,0.491,0.655,2.0,0,12,0,-0.917,-0.25,-1.5,11,decrease,,47.6785868,-122.32522233,120.0,1
WOODLAWN AVE NE BETWEEN NE 71ST ST AND NE 72ND ST,Green Lake,0.552,0.697,6.0,0,12,0,-0.667,-0.25,-2.0,11,decrease,,47.68015976,-122.32468599,120.0,1
WOODLAWN AVE NE BETWEEN NE 72ND ST AND NE 73RD ST,Green Lake,0.443,0.607,13.0,0,12,0,-1.125,-0.25,-2.0,19,decrease,,47.680846470000006,-122.324917735,120.0,2
WOODLAWN AVE NE BETWEEN NE RAVENNA WB BV AND NE 71ST ST,Green Lake,0.524,0.689,11.0,0,12,0,-0.771,-0.25,-2.0,19,decrease,,47.679437155,-122.324633315,120.0,2
10TH AVE BETWEEN E MADISON ST AND E SENECA ST,Pike-Pine,0.246,0.403,9.0,0,14,0,-1.911,-1.25,-2.0,19,decrease,,47.611985525,-122.319351095,120.0,2
10TH AVE BETWEEN E PIKE ST AND E PINE ST,Pike-Pine,0.568,0.785,22.0,0,9,5,-0.679,0.0,-2.0,11,decrease,,47.614681595,-122.31945234,120.0,2
10TH AVE BETWEEN E SENECA ST AND E UNION ST,Pike-Pine,0.245,0.343,14.0,0,14,0,-1.929,-1.75,-2.0,20,decrease,,47.61255333,-122.31939925,240.0,2
10TH AVE BETWEEN E UNION ST AND E PIKE ST,Pike-Pine,0.327,0.422,12.0,0,14,0,-1.607,-1.25,-2.0,20,decrease,,47.61350782,-122.31943865,120.0,2
11TH AVE BETWEEN E MADISON ST AND E UNION ST,Pike-Pine,0.396,0.519,10.0,0,14,0,-1.304,-0.75,-2.0,19,decrease,,47.612599135,-122.31810674,120.0,2
11TH AVE BETWEEN E PIKE ST AND E PINE ST,Pike-Pine,0.392,0.488,20.0,0,14,0,-1.411,-1.0,-2.0,10,decrease,,47.614688715,-122.31815853,120.0,2
11TH AVE BETWEEN E UNION ST AND E PIKE ST,Pike-Pine,0.45,0.763,5.0,0,13,1,-1.143,0.0,-2.0,19,decrease,,47.61351289,-122.31812558,120.0,2
12TH AVE BETWEEN E MADISON ST AND E PIKE ST,Pike-Pine,0.298,0.38,16.0,0,14,0,-1.804,-1.5,-2.0,19,decrease,,47.61351303,-122.316853015,120.0,2
12TH AVE BETWEEN E PIKE ST AND E PINE ST,Pike-Pine,0.238,0.331,14.0,0,14,0,-1.946,-1.75,-2.0,19,decrease,,47.61469001,-122.31684511,120.0,2
13TH AVE BETWEEN E MADISON ST AND E PIKE ST,Pike-Pine,0.31,0.476,4.0,0,14,0,-1.696,-1.0,-2.0,20,decrease,,47.61373142,-122.31562933,120.0,1
13TH AVE BETWEEN E PIKE ST AND E PINE ST,Pike-Pine,0.288,0.444,9.0,0,14,0,-1.768,-1.25,-2.0,19,decrease,,47.6147267,-122.31559256,120.0,1
14TH AVE BETWEEN E PIKE ST AND E PINE ST,Pike-Pine,0.235,0.453,17.0,0,14,0,-1.821,-1.0,-2.0,19,decrease,,47.6146972,-122.314245285,120.0,2
14TH AVE BETWEEN E UNION ST AND E MADISON ST,Pike-Pine,0.159,0.345,7.0,0,14,0,-1.964,-1.75,-2.0,19,decrease,,47.613399365,-122.314219915,120.0,2
15TH AVE BETWEEN E MADISON ST AND E PINE ST,Pike-Pine,0.227,0.487,20.0,0,14,0,-1.839,-1.0,-2.0,19,decrease,,47.61491973,-122.31278084,120.0,2
BELMONT AVE BETWEEN E PIKE ST AND E PINE ST,Pike-Pine,0.212,0.266,19.0,0,14,0,-2.0,-2.0,-2.0,12,decrease,,47.61467,-122.324465445,120.0,2
BELMONT AVE BETWEEN E UNION ST AND E PIKE ST,Pike-Pine,0.358,0.485,7.0,0,14,0,-1.482,-1.0,-2.0,17,decrease,,47.61353905,-122.32450368,120.0,1
BOYLSTON AVE BETWEEN E PIKE ST AND E PINE ST,Pike-Pine,0.122,0.237,7.0,0,14,0,-2.0,-2.0,-2.0,19,decrease,,47.6146611,-122.3234816,120.0,1
BOYLSTON AVE BETWEEN E UNION ST AND E PIKE ST,Pike-Pine,0.097,0.154,9.0,0,14,0,-2.0,-2.0,-2.0,19,decrease,,47.61352495,-122.32346094,120.0,1
BROADWAY BETWEEN E PIKE ST AND E PINE ST,Pike-Pine,0.123,0.196,8.0,0,14,0,-2.0,-2.0,-2.0,13,decrease,,47.61467932,-122.32089936,120.0,1
BROADWAY CT BETWEEN E MADISON ST AND E SENECA ST,Pike-Pine,0.274,0.544,6.0,0,14,0,-1.75,-0.75,-2.0,19,decrease,,47.61188096,-122.31980299,240.0,1
BROADWAY CT BETWEEN E SENECA ST AND E UNION ST,Pike-Pine,0.336,0.522,5.0,0,14,0,-1.554,-0.75,-2.0,18,decrease,,47.61255277,-122.31980685,240.0,1
E MADISON ST BETWEEN 10TH AVE AND E SENECA ST,Pike-Pine,0.26,0.472,10.0,0,14,0,-1.821,-1.0,-2.0,19,decrease,,47.61191344,-122.31878899,240.0,1
E MADISON ST BETWEEN BROADWAY CT AND 10TH AVE,Pike-Pine,0.325,0.553,2.0,0,14,0,-1.589,-0.5,-2.0,13,decrease,,47.61159553,-122.3195596,240.0,1
E PIKE ST BETWEEN 10TH AVE AND 11TH AVE,Pike-Pine,0.279,0.421,10.0,0,14,0,-1.839,-1.25,-2.0,13,decrease,,47.614089785,-122.31879589,120.0,2
E PIKE ST BETWEEN 11TH AVE AND 12TH AVE,Pike-Pine,0.216,0.332,12.0,0,14,0,-1.946,-1.75,-2.0,13,decrease,,47.61409631,-122.317495425,120.0,2
E PIKE ST BETWEEN 12TH AVE AND 13TH AVE,Pike-Pine,0.214,0.361,21.0,0,14,0,-1.929,-1.5,-2.0,19,decrease,,47.614108595000005,-122.316146555,120.0,2
E PIKE ST BETWEEN 13TH AVE AND 14TH AVE,Pike-Pine,0.25,0.505,15.0,0,14,0,-1.839,-0.75,-2.0,19,decrease,,47.61411746,-122.31488714,120.0,2
E PIKE ST BETWEEN BELMONT AVE AND BOYLSTON AVE,Pike-Pine,0.426,0.667,5.0,0,14,0,-1.179,-0.25,-2.0,13,decrease,,47.61403153,-122.32394016,120.0,1
E PIKE ST BETWEEN BOYLSTON AVE AND HARVARD AVE,Pike-Pine,0.325,0.502,6.0,0,14,0,-1.696,-0.75,-2.0,19,decrease,,47.61399996,-122.32276436,120.0,1
E PIKE ST BETWEEN BROADWAY AND 10TH AVE,Pike-Pine,0.269,0.396,13.0,0,14,0,-1.857,-1.5,-2.0,19,decrease,,47.61408216,-122.32006106,120.0,2
E PIKE ST BETWEEN HARVARD AVE AND BROADWAY,Pike-Pine,0.338,0.495,4.0,0,14,0,-1.607,-1.0,-2.0,13,decrease,,47.61400239,-122.3214466,120.0,1
E PIKE ST BETWEEN SUMMIT AVE AND BELMONT AVE,Pike-Pine,0.421,0.635,3.0,0,14,0,-1.161,-0.25,-2.0,14,decrease,,47.6140229,-122.32499531,120.0,1
E PINE ST BETWEEN 11TH AVE AND 12TH AVE,Pike-Pine,0.454,0.673,14.0,0,14,0,-1.089,-0.25,-2.0,19,decrease,,47.6152783,-122.31751418,120.0,2
E PINE ST BETWEEN 12TH AVE AND 13TH AVE,Pike-Pine,0.58,0.933,7.0,1,11,2,-0.643,0.25,-2.0,19,decrease,,47.615271495,-122.316149885,120.0,2
E PINE ST BETWEEN 13TH AVE AND 14TH AVE,Pike-Pine,0.429,0.686,8.0,0,14,0,-1.143,-0.25,-2.0,20,decrease,,47.615278765,-122.31490157,120.0,2
E PINE ST BETWEEN 14TH AVE AND 15TH AVE,Pike-Pine,0.378,0.692,12.0,0,14,0,-1.339,-0.25,-2.0,19,decrease,,47.61529414,-122.313498315,120.0,2
E PINE ST BETWEEN BELLEVUE AVE AND CRAWFORD PL,Pike-Pine,0.432,0.617,4.0,0,14,0,-1.107,-0.25,-2.0,20,decrease,,47.61529836,-122.32647201,120.0,1
E PINE ST BETWEEN BELMONT AVE AND BOYLSTON AVE,Pike-Pine,0.354,0.526,12.0,0,14,0,-1.554,-0.75,-2.0,19,decrease,,47.615236405000005,-122.323926,120.0,2
E PINE ST BETWEEN BOYLSTON AVE AND HARVARD AVE,Pike-Pine,0.398,0.481,11.0,0,14,0,-1.321,-1.0,-2.0,19,decrease,,47.61523686,-122.322778685,120.0,2
E PINE ST BETWEEN BROADWAY AND NAGLE PL,Pike-Pine,0.136,0.226,2.0,0,14,0,-2.0,-2.0,-2.0,21,decrease,,47.61533442,-122.32035445,120.0,1
E PINE ST BETWEEN CRAWFORD PL AND SUMMIT AVE,Pike-Pine,0.69,0.869,2.0,1,5,8,-0.232,0.25,-1.75,20,decrease,,47.61514809,-122.32587891,120.0,1
E PINE ST BETWEEN HARVARD AVE AND BROADWAY,Pike-Pine,0.339,0.547,3.0,0,14,0,-1.536,-0.75,-2.0,20,decrease,,47.61532115,-122.32146768,120.0,1
E PINE ST BETWEEN MELROSE AVE AND BELLEVUE AVE,Pike-Pine,0.343,0.472,8.0,0,14,0,-1.554,-1.0,-2.0,18,decrease,,47.61514566,-122.32733505,120.0,1
E SENECA ST BETWEEN 10TH AVE AND E MADISON ST,Pike-Pine,0.324,0.579,11.0,0,14,0,-1.607,-0.5,-2.0,19,decrease,,47.612180935,-122.318921395,120.0,2
E UNION ST BETWEEN 10TH AVE AND 11TH AVE,Pike-Pine,0.332,0.475,10.0,0,14,0,-1.607,-1.0,-2.0,19,decrease,,47.61293709,-122.318790615,120.0,2
E UNION ST BETWEEN 12TH AVE AND 13TH AVE,Pike-Pine,0.118,0.344,3.0,0,14,0,-1.964,-1.75,-2.0,20,decrease,,47.61297261,-122.31611166,120.0,1
E UNION ST BETWEEN BOYLSTON AVE AND HARVARD AVE,Pike-Pine,0.052,0.091,7.0,0,14,0,-2.0,-2.0,-2.0,16,decrease,,47.61304716,-122.32272028,120.0,1
E UNION ST BETWEEN BROADWAY AND BROADWAY CT,Pike-Pine,0.479,0.672,4.0,0,14,0,-0.964,-0.25,-2.0,19,decrease,,47.612953295,-122.320254035,120.0,2
E UNION ST BETWEEN CRAWFORD PL AND SUMMIT AVE,Pike-Pine,0.124,0.242,5.0,0,14,0,-2.0,-2.0,-2.0,13,decrease,,47.61293308,-122.32587764,120.0,1
HARVARD AVE BETWEEN E PIKE ST AND E PINE ST,Pike-Pine,0.316,0.42,22.0,0,14,0,-1.714,-1.25,-2.0,13,decrease,,47.61467486,-122.322120885,120.0,2
MELROSE AVE BETWEEN PIKE ST AND PINE ST,Pike-Pine,0.223,0.559,10.0,0,14,0,-1.804,-0.5,-2.0,19,decrease,,47.61466342,-122.327901715,120.0,2
MINOR AVE BETWEEN PIKE ST AND PINE ST,Pike-Pine,0.208,0.299,8.0,0,14,0,-2.0,-2.0,-2.0,18,decrease,,47.61459874,-122.32832119,120.0,1
PIKE ST BETWEEN BOREN AVE AND MELROSE AVE,Pike-Pine,0.17,0.362,4.0,0,14,0,-1.946,-1.5,-2.0,19,decrease,,47.6137818,-122.32836673,120.0,1
PIKE ST BETWEEN TERRY AVE AND BOREN AVE,Pike-Pine,0.07,0.114,6.0,0,14,0,-2.0,-2.0,-2.0,11,decrease,,47.61316149,-122.32941032,120.0,1
PINE ST BETWEEN MINOR AVE AND MELROSE AVE,Pike-Pine,0.218,0.302,6.0,0,14,0,-1.982,-1.75,-2.0,19,decrease,,47.61506624,-122.32829152,120.0,2
SUMMIT AVE BETWEEN E PIKE ST AND E PINE ST,Pike-Pine,0.202,0.254,17.0,0,14,0,-2.0,-2.0,-2.0,18,decrease,,47.614675545,-122.325517735,120.0,2
SUMMIT AVE BETWEEN E UNION ST AND E PIKE ST,Pike-Pine,0.326,0.509,4.0,0,14,0,-1.661,-0.75,-2.0,18,decrease,,47.61352508,-122.32557881,120.0,1
1ST AVE BETWEEN CHERRY ST AND COLUMBIA ST,Pioneer Square,0.336,0.415,11.0,0,10,0,-1.625,-1.25,-2.0,17,decrease,Core,47.602910705,-122.33460311,120.0,2
1ST AVE BETWEEN YESLER WAY AND CHERRY ST,Pioneer Square,0.345,0.382,16.0,0,10,0,-1.65,-1.5,-2.0,11,decrease,Core,47.60215991,-122.334176805,120.0,2
1ST AVE S BETWEEN S CHARLES ST AND S ROYAL BROUGHAM WAY,Pioneer Square,0.257,0.489,50.0,0,10,0,-1.8,-1.0,-2.0,17,decrease,Edge,47.594043505,-122.33419835,120.0,2
1ST AVE S BETWEEN S DEARBORN ST AND S CHARLES ST,Pioneer Square,0.172,0.298,13.0,0,10,0,-2.0,-2.0,-2.0,17,decrease,Edge,47.59607622,-122.33418306,120.0,2
1ST AVE S BETWEEN S JACKSON ST AND S KING ST,Pioneer Square,0.68,0.878,14.0,1,3,6,-0.3,0.25,-1.75,12,decrease,Edge,47.598737335,-122.334187665,120.0,2
1ST AVE S BETWEEN S KING ST AND S DEARBORN ST,Pioneer Square,0.508,0.657,39.0,0,10,0,-0.8,-0.25,-2.0,17,decrease,Edge,47.597367875,-122.33419173,120.0,2
1ST AVE S BETWEEN S MAIN ST AND S JACKSON ST,Pioneer Square,0.494,0.637,17.0,0,10,0,-0.85,-0.25,-2.0,11,decrease,Core,47.59962452,-122.334182435,120.0,2
1ST AVE S BETWEEN S WASHINGTON ST AND S MAIN ST,Pioneer Square,0.428,0.533,17.0,0,10,0,-1.15,-0.75,-2.0,11,decrease,Core,47.60046712,-122.33418322,120.0,2
1ST AVE S BETWEEN YESLER WAY AND S WASHINGTON ST,Pioneer Square,0.428,0.583,18.0,0,10,0,-1.125,-0.5,-2.0,11,decrease,Core,47.60129456,-122.33418009,120.0,2
2ND AV ET S BETWEEN S JACKSON ST AND S MAIN ST,Pioneer Square,0.294,0.494,5.0,0,10,0,-1.675,-1.0,-2.0,13,decrease,Edge,47.59960565,-122.32990794,120.0,1
2ND AV ET S BETWEEN S MAIN ST AND S WASHINGTON ST,Pioneer Square,0.266,0.44,9.0,0,10,0,-1.725,-1.25,-2.0,11,decrease,Edge,47.60049119,-122.330870515,120.0,2
2ND AVE BETWEEN JAMES ST AND CHERRY ST,Pioneer Square,0.225,0.475,2.0,0,6,0,-1.708,-1.0,-2.0,11,decrease,Core,47.60269033,-122.332714,120.0,1
2ND AVE BETWEEN YESLER WAY AND JAMES ST,Pioneer Square,0.333,0.588,3.0,0,10,0,-1.525,-0.5,-2.0,12,decrease,Core,47.60201883,-122.33241002,120.0,1
2ND AVE S BETWEEN S JACKSON ST AND S KING ST,Pioneer Square,0.597,0.677,21.0,0,10,0,-0.5,-0.25,-1.75,12,decrease,Edge,47.598768815,-122.33157309,120.0,2
2ND AVE S BETWEEN S MAIN ST AND S JACKSON ST,Pioneer Square,0.526,0.704,11.0,0,9,1,-0.725,0.0,-2.0,17,decrease,Core,47.599625015,-122.331573495,120.0,2
2ND AVE S BETWEEN S WASHINGTON ST AND S MAIN ST,Pioneer Square,0.362,0.425,23.0,0,10,0,-1.5,-1.25,-2.0,13,decrease,Core,47.600449235,-122.33156853,120.0,2
3RD AVE S BETWEEN S MAIN ST AND S JACKSON ST,Pioneer Square,0.408,0.56,2.0,0,10,0,-1.275,-0.5,-2.0,17,decrease,Edge,47.59942516,-122.33021365,120.0,1
3RD AVE S BETWEEN YESLER WAY AND S WASHINGTON ST,Pioneer Square,0.297,0.418,6.0,0,10,0,-1.8,-1.25,-2.0,12,decrease,Edge,47.60128705,-122.330256355,120.0,2
4TH AVE BETWEEN DILLING WAY AND JEFFERSON ST,Pioneer Square,0.413,0.838,1.0,0,8,2,-1.025,0.0,-2.0,13,decrease,Edge,47.60241664,-122.32943221,120.0,1
ALASKAN ER WAY S BETWEEN S JACKSON ST AND S KING ST,Pioneer Square,0.585,0.735,6.0,0,9,1,-0.525,0.0,-1.75,17,decrease,Edge,47.59873136,-122.33541746,120.0,1
ALASKAN ER WAY S BETWEEN S WASHINGTON ST AND S MAIN ST,Pioneer Square,0.252,0.457,4.0,0,10,0,-1.9,-1.0,-2.0,17,decrease,Edge,47.60045004,-122.33545189,120.0,1
ALASKAN ER WAY S BETWEEN YESLER WAY AND S WASHINGTON ST,Pioneer Square,0.572,0.845,2.0,0,8,2,-0.675,0.0,-2.0,12,decrease,Edge,47.60129626,-122.33564153,120.0,1
CHERRY ST BETWEEN 1ST AVE AND 2ND AVE,Pioneer Square,0.262,0.387,15.0,0,10,0,-1.9,-1.5,-2.0,11,decrease,Core,47.602808550000006,-122.33369145,120.0,2
CHERRY ST BETWEEN 2ND AVE AND 3RD AVE,Pioneer Square,0.279,0.342,11.0,0,10,0,-1.925,-1.75,-2.0,11,decrease,Core,47.603260345,-122.33261571,120.0,2
JAMES ST BETWEEN 2ND AVE AND 3RD AVE,Pioneer Square,0.262,0.295,9.0,0,10,0,-2.0,-2.0,-2.0,16,decrease,Core,47.60254385,-122.33194851,120.0,2
JAMES ST BETWEEN YESLER WAY AND 2ND AVE,Pioneer Square,0.294,0.392,14.0,0,10,0,-1.8,-1.5,-2.0,17,decrease,Core,47.602086565,-122.333040155,120.0,2
OCCIDENTAL AVE S BETWEEN S CHARLES ST AND S ROYAL BROUGHAM WAY,Pioneer Square,0.032,0.055,7.0,0,10,0,-2.0,-2.0,-2.0,12,decrease,Edge,47.59388824,-122.33311897,30.0,1
OCCIDENTAL AVE S BETWEEN S JACKSON ST AND S KING E ST,Pioneer Square,0.711,0.848,11.0,0,2,8,-0.175,0.0,-1.5,13,hold,Edge,47.59872578,-122.33288004,120.0,2
OCCIDENTAL AVE S BETWEEN S KING W ST AND S CHARLES ST,Pioneer Square,0.21,0.278,11.0,0,10,0,-2.0,-2.0,-2.0,14,decrease,Edge,47.596753265,-122.33325619,120.0,2
OCCIDENTAL AVE S BETWEEN YESLER WAY AND S WASHINGTON ST,Pioneer Square,0.33,0.459,11.0,0,10,0,-1.525,-1.0,-2.0,13,decrease,Core,47.60129296,-122.33287524,120.0,2
POST AVE BETWEEN YESLER WAY AND COLUMBIA ST,Pioneer Square,0.53,0.684,15.0,0,10,0,-0.75,-0.25,-2.0,12,decrease,Edge,47.60243168,-122.334990755,120.0,2
PREFONTAINE PL S BETWEEN 3RD AVE S AND 4TH AVE S,Pioneer Square,0.141,0.3,5.0,0,10,0,-1.975,-1.75,-2.0,10,decrease,Edge,47.60133244,-122.32957293,120.0,1
S JACKSON ST BETWEEN ALASKAN E RDWY WAY S AND 1ST AVE S,Pioneer Square,0.601,0.722,15.0,0,8,2,-0.475,0.0,-1.75,12,decrease,Edge,47.59920043,-122.33482695,120.0,2
S KING ST BETWEEN 1ST AVE S AND OCCIDENTAL W AVE S,Pioneer Square,0.569,0.744,6.0,0,9,1,-0.575,0.0,-2.0,13,decrease,Edge,47.59822243,-122.3337043,120.0,1
S KING ST BETWEEN 2ND AVE S AND 3RD AVE S,Pioneer Square,0.468,0.553,19.0,0,10,0,-1.05,-0.5,-1.75,15,decrease,Edge,47.59828969,-122.33100468,120.0,2
S KING ST BETWEEN ALASKAN E RDWY WAY S AND 1ST AVE S,Pioneer Square,0.564,0.724,7.0,0,8,2,-0.65,0.0,-2.0,13,decrease,Edge,47.59821882,-122.33481248,120.0,1
S KING ST BETWEEN OCCIDENTAL E AVE S AND 2ND AVE S,Pioneer Square,0.598,0.719,12.0,0,8,2,-0.5,0.0,-1.75,12,decrease,Edge,47.598291450000005,-122.332251395,120.0,2
S MAIN ST BETWEEN 1ST AVE S AND 2ND AVE S,Pioneer Square,0.294,0.388,15.0,0,10,0,-1.775,-1.5,-2.0,12,decrease,Core,47.600042695,-122.33287512,120.0,2
S MAIN ST BETWEEN 2ND AV ET S AND 4TH AVE S,Pioneer Square,0.351,0.51,2.0,0,10,0,-1.525,-0.75,-2.0,15,decrease,Edge,47.60011043,-122.32963229,120.0,1
S MAIN ST BETWEEN 2ND AVE S AND 2ND AV ET S,Pioneer Square,0.527,0.622,4.0,0,10,0,-0.725,-0.25,-1.5,17,decrease,Edge,47.60010473,-122.33111008,120.0,1
S MAIN ST BETWEEN ALASKAN E RDWY WAY S AND 1ST AVE S,Pioneer Square,0.552,0.786,10.0,0,8,2,-0.75,0.0,-2.0,12,decrease,Edge,47.600045325,-122.334886345,120.0,2
S WASHINGTON ST BETWEEN 1ST AVE S AND OCCIDENTAL AVE S,Pioneer Square,0.513,0.683,3.0,0,10,0,-0.75,-0.25,-2.0,13,decrease,Core,47.600887835,-122.333500325,120.0,2
S WASHINGTON ST BETWEEN 3RD AVE S AND 4TH AVE S,Pioneer Square,0.451,0.581,9.0,0,10,0,-1.1,-0.5,-2.0,15,decrease,Edge,47.60087905,-122.329636545,120.0,2
S WASHINGTON ST BETWEEN ALASKAN E RDWY WAY S AND 1ST AVE S,Pioneer Square,0.543,0.659,5.0,0,10,0,-0.65,-0.25,-2.0,14,decrease,Edge,47.60093944,-122.33489185,120.0,1
S WASHINGTON ST BETWEEN OCCIDENTAL AVE S AND 2ND AVE S,Pioneer Square,0.32,0.438,7.0,0,10,0,-1.725,-1.25,-2.0,16,decrease,Core,47.60081755,-122.33232649,120.0,1
WESTERN AVE BETWEEN YESLER WAY AND COLUMBIA ST,Pioneer Square,0.499,0.607,16.0,0,10,0,-0.85,-0.25,-2.0,17,decrease,Edge,47.602328215,-122.33562517,120.0,2
YESLER WAY BETWEEN JAMES ST AND OCCIDENTAL AVE S,Pioneer Square,0.19,0.293,6.0,0,10,0,-2.0,-2.0,-2.0,13,decrease,Core,47.60165556,-122.33344092,120.0,1
YESLER WAY BETWEEN OCCIDENTAL AVE S AND 2ND AVE,Pioneer Square,0.349,0.54,3.0,0,10,0,-1.45,-0.75,-2.0,14,decrease,Core,47.60165661,-122.33240274,120.0,1
YESLER WAY BETWEEN WESTERN AVE AND POST AVE,Pioneer Square,0.845,0.983,2.0,6,1,3,0.075,0.5,-1.25,17,hold,Edge,47.60167339,-122.33524263,120.0,1
12TH AVE NE BETWEEN NE 64TH ST AND NE 65TH ST,Roosevelt,0.273,0.382,6.0,0,12,0,-1.833,-1.5,-2.0,13,decrease,,47.67537128,-122.31575129,240.0,1
BROOKLYN AVE NE BETWEEN NE 65TH ST AND NE 66TH ST,Roosevelt,0.312,0.422,4.0,0,12,0,-1.729,-1.25,-2.0,14,decrease,,47.67616419,-122.31440402,240.0,1
NE 63RD ST BETWEEN ROOSEVELT WAY NE AND 12TH AVE NE,Roosevelt,0.078,0.148,10.0,0,12,0,-2.0,-2.0,-2.0,12,decrease,,47.67409384,-122.31648828,240.0,1
NE 64TH ST BETWEEN 9TH AVE NE AND ROOSEVELT WAY NE,Roosevelt,0.48,0.631,15.0,0,12,0,-0.958,-0.25,-2.0,11,decrease,,47.674982725,-122.31805138,240.0,2
NE 64TH ST BETWEEN ROOSEVELT WAY NE AND 12TH AVE NE,Roosevelt,0.299,0.398,7.0,0,12,0,-1.75,-1.5,-2.0,14,decrease,,47.67497945,-122.316500365,240.0,2
NE 66TH ST BETWEEN 12TH AVE NE AND BROOKLYN AVE NE,Roosevelt,0.275,0.423,6.0,0,12,0,-1.833,-1.25,-2.0,18,decrease,,47.67654735,-122.31501549,240.0,1
NE 66TH ST BETWEEN ROOSEVELT WAY NE AND 12TH AVE NE,Roosevelt,0.222,0.298,9.0,0,12,0,-2.0,-2.0,-2.0,18,decrease,,47.6765921,-122.31678499,240.0,1
ROOSEVELT WAY NE BETWEEN NE 63RD ST AND NE 64TH ST,Roosevelt,0.416,0.52,10.0,0,12,0,-1.208,-0.75,-2.0,12,decrease,,47.6745558,-122.31728206,240.0,1
ROOSEVELT WAY NE BETWEEN NE 64TH ST AND NE 65TH ST,Roosevelt,0.668,0.833,8.0,0,6,6,-0.354,0.0,-1.5,14,decrease,,47.67538932,-122.31727794,240.0,1
8TH AVE N BETWEEN ALOHA ST AND WESTLAKE S AVE N,South Lake Union,0.472,0.583,40.0,0,10,0,-1.025,-0.5,-2.0,12,decrease,North,47.62818988,-122.340988045,600.0,2
8TH AVE N BETWEEN HARRISON ST AND REPUBLICAN ST,South Lake Union,0.197,0.262,12.0,0,10,0,-2.0,-2.0,-2.0,10,decrease,South,47.62265973,-122.341060695,120.0,2
8TH AVE N BETWEEN JOHN ST AND THOMAS ST,South Lake Union,0.198,0.286,34.0,0,10,0,-2.0,-2.0,-2.0,11,decrease,South,47.62032526,-122.34108331,120.0,2
8TH AVE N BETWEEN REPUBLICAN ST AND MERCER SR ST,South Lake Union,0.299,0.444,24.0,0,10,0,-1.75,-1.25,-2.0,10,decrease,South,47.623907615,-122.341051455,600.0,2
8TH AVE N BETWEEN ROY ST AND VALLEY ST,South Lake Union,0.571,0.689,15.0,0,10,0,-0.625,-0.25,-1.5,12,decrease,North,47.625844455,-122.341031765,600.0,2
8TH AVE N BETWEEN VALLEY ST AND ALOHA ST,South Lake Union,0.536,0.682,17.0,0,10,0,-0.7,-0.25,-2.0,13,decrease,North,47.626678745,-122.341024155,600.0,2
9TH AVE N BETWEEN DENNY WAY AND JOHN ST,South Lake Union,0.312,0.393,13.0,0,10,0,-1.75,-1.5,-2.0,10,decrease,South,47.61912274,-122.33968381,600.0,1
9TH AVE N BETWEEN HARRISON ST AND REPUBLICAN ST,South Lake Union,0.146,0.255,11.0,0,10,0,-2.0,-2.0,-2.0,10,decrease,South,47.62261473,-122.33966666,120.0,1
9TH AVE N BETWEEN JOHN ST AND THOMAS ST,South Lake Union,0.183,0.293,10.0,0,10,0,-2.0,-2.0,-2.0,11,decrease,South,47.62029437,-122.33968445,120.0,1
9TH AVE N BETWEEN REPUBLICAN ST AND MERCER SR ST,South Lake Union,0.215,0.426,2.0,0,10,0,-1.8,-1.25,-2.0,13,decrease,South,47.62387194,-122.33965677,600.0,1
9TH AVE N BETWEEN ROY ST AND WESTLAKE AVE N,South Lake Union,0.738,0.944,5.0,4,4,2,-0.2,0.25,-1.75,14,hold,North,47.62609289,-122.33958113,600.0,1
9TH AVE N BETWEEN THOMAS ST AND HARRISON ST,South Lake Union,0.229,0.316,4.0,0,10,0,-1.975,-1.75,-2.0,9,decrease,South,47.62144373,-122.33986607,120.0,1
ALOHA ST BETWEEN 8TH AVE N AND 9TH AVE N,South Lake Union,0.484,0.66,15.0,0,10,0,-0.925,-0.25,-2.0,12,decrease,North,47.62720712,-122.34036244,600.0,1
ALOHA ST BETWEEN AURORA AVE N AND DEXTER AVE N,South Lake Union,0.304,0.429,12.0,0,10,0,-1.725,-1.25,-2.0,12,decrease,North,47.62714097,-122.34286821,600.0,2
ALOHA ST BETWEEN DEXTER AVE N AND 8TH AVE N,South Lake Union,0.328,0.552,16.0,0,10,0,-1.6,-0.5,-2.0,13,decrease,North,47.62713603500001,-122.34165907,600.0,2
ALOHA ST BETWEEN MINOR AVE N AND YALE AVE N,South Lake Union,0.516,0.666,19.0,0,10,0,-0.8,-0.25,-2.0,12,decrease,North,47.62685924,-122.33161919,600.0,2
ALOHA ST BETWEEN YALE AVE N AND EASTLAKE AVE E,South Lake Union,0.212,0.291,7.0,0,10,0,-2.0,-2.0,-2.0,11,decrease,North,47.6269241,-122.33007554,120.0,1
BOREN AVE N BETWEEN DENNY WAY AND JOHN ST,South Lake Union,0.529,0.658,5.0,0,10,0,-0.775,-0.25,-2.0,13,decrease,South,47.61912326,-122.335871265,600.0,2
BOREN AVE N BETWEEN HARRISON ST AND REPUBLICAN ST,South Lake Union,0.274,0.395,33.0,0,10,0,-1.825,-1.5,-2.0,12,decrease,South,47.62260781,-122.33584278,600.0,2
BOREN AVE N BETWEEN JOHN ST AND THOMAS ST,South Lake Union,0.238,0.316,17.0,0,10,0,-1.925,-1.75,-2.0,11,decrease,South,47.620276790000005,-122.335861815,120.0,2
BOREN AVE N BETWEEN REPUBLICAN ST AND MERCER SR ST,South Lake Union,0.241,0.374,12.0,0,10,0,-1.95,-1.5,-2.0,9,decrease,South,47.623868315,-122.335830585,120.0,2
BOREN AVE N BETWEEN THOMAS ST AND HARRISON ST,South Lake Union,0.157,0.394,5.0,0,10,0,-1.9,-1.5,-2.0,10,decrease,South,47.62142499,-122.335852415,120.0,2
DENNY LOWER WAY BETWEEN STEWART ST AND EASTLAKE AVE,South Lake Union,0.011,0.11,5.0,0,10,0,-2.0,-2.0,-2.0,17,decrease,South,47.61857744,-122.32979337,120.0,1
DEXTER AVE N BETWEEN ALOHA ST AND WARD ST,South Lake Union,0.361,0.521,12.0,0,10,0,-1.525,-0.75,-2.0,13,decrease,North,47.627581705,-122.342322665,120.0,2
DEXTER AVE N BETWEEN COMSTOCK ST AND LEE ST,South Lake Union,0.228,0.372,16.0,0,10,0,-1.9,-1.5,-2.0,12,decrease,North,47.63097942,-122.34229257,120.0,2
DEXTER AVE N BETWEEN DENNY WAY AND JOHN ST,South Lake Union,0.09,0.202,5.0,0,10,0,-2.0,-2.0,-2.0,13,decrease,South,47.61913113,-122.342396815,120.0,2
DEXTER AVE N BETWEEN HARRISON ST AND REPUBLICAN ST,South Lake Union,0.204,0.308,5.0,0,10,0,-1.975,-1.75,-2.0,9,decrease,South,47.62263094,-122.34221647,120.0,1
DEXTER AVE N BETWEEN HIGHLAND DR AND COMSTOCK ST,South Lake Union,0.237,0.38,11.0,0,10,0,-1.925,-1.5,-2.0,13,decrease,North,47.630143445,-122.342299845,120.0,2
DEXTER AVE N BETWEEN JOHN ST AND THOMAS ST,South Lake Union,0.097,0.16,16.0,0,10,0,-2.0,-2.0,-2.0,16,decrease,South,47.620304005,-122.34238672,120.0,2
DEXTER AVE N BETWEEN LEE ST AND GALER ST,South Lake Union,0.178,0.224,16.0,0,10,0,-2.0,-2.0,-2.0,17,decrease,North,47.63183628,-122.342285315,120.0,2
DEXTER AVE N BETWEEN PROSPECT ST AND HIGHLAND DR,South Lake Union,0.252,0.369,11.0,0,10,0,-1.875,-1.5,-2.0,12,decrease,North,47.629295125,-122.34230743,120.0,2
DEXTER AVE N BETWEEN REPUBLICAN ST AND MERCER ST,South Lake Union,0.088,0.239,3.0,0,10,0,-2.0,-2.0,-2.0,9,decrease,South,47.62379307,-122.34251847,120.0,1
DEXTER AVE N BETWEEN THOMAS ST AND HARRISON ST,South Lake Union,0.086,0.166,8.0,0,10,0,-2.0,-2.0,-2.0,12,decrease,South,47.62147617,-122.342376625,120.0,2
DEXTER AVE N BETWEEN VALLEY ST AND ALOHA ST,South Lake Union,0.223,0.427,2.0,0,10,0,-1.8,-1.25,-2.0,17,decrease,North,47.62670217,-122.34220881,600.0,1
DEXTER AVE N BETWEEN WARD ST AND PROSPECT ST,South Lake Union,0.295,0.453,17.0,0,10,0,-1.65,-1.0,-2.0,12,decrease,North,47.628445715,-122.342314995,120.0,2
E BLAINE ST BETWEEN FAIRVIEW AVE E AND EASTLAKE AVE E,South Lake Union,0.278,0.45,24.0,0,10,0,-1.725,-1.25,-2.0,11,decrease,North,47.63486592,-122.32607078,240.0,2
E NELSON PL BETWEEN EASTLAKE AVE E AND DEAD END,South Lake Union,0.393,0.592,6.0,0,10,0,-1.175,-0.5,-2.0,10,decrease,North,47.63045041,-122.327308315,600.0,2
EASTLAKE AVE E BETWEEN ALOHA ST AND WARD ST,South Lake Union,0.589,0.811,9.0,0,6,4,-0.6,0.0,-2.0,13,decrease,North,47.6273401,-122.32936627,600.0,1
EASTLAKE AVE E BETWEEN DENNY LOWER WAY AND STEWART ST,South Lake Union,0.034,0.065,12.0,0,10,0,-2.0,-2.0,-2.0,17,decrease,South,47.61913534,-122.32925328,600.0,1
EASTLAKE AVE E BETWEEN E NELSON PL AND FAIRVIEW AVE N,South Lake Union,0.373,0.52,25.0,0,10,0,-1.375,-0.75,-2.0,12,decrease,North,47.63131028,-122.326697305,600.0,2
EASTLAKE AVE E BETWEEN HARRISON ST AND REPUBLICAN ST,South Lake Union,0.031,0.074,10.0,0,10,0,-2.0,-2.0,-2.0,15,decrease,South,47.62252079,-122.32927427,120.0,1
EASTLAKE AVE E BETWEEN LAKEVIEW BLVD E AND ALOHA ST,South Lake Union,0.164,0.244,12.0,0,10,0,-2.0,-2.0,-2.0,9,decrease,North,47.62599666,-122.32935349,120.0,1
EASTLAKE AVE E BETWEEN PROSPECT ST AND E NELSON PL,South Lake Union,0.513,0.703,28.0,0,9,1,-0.85,0.0,-2.0,11,decrease,North,47.62963109,-122.328662375,600.0,2
EASTLAKE AVE E BETWEEN REPUBLICAN ST AND MERCER ST,South Lake Union,0.031,0.077,4.0,0,10,0,-2.0,-2.0,-2.0,15,decrease,South,47.62369838,-122.32928164,120.0,1
EASTLAKE AVE E BETWEEN STEWART ST AND THOMAS ST,South Lake Union,0.023,0.051,14.0,0,10,0,-2.0,-2.0,-2.0,12,decrease,South,47.62021914,-122.32926393,120.0,1
EASTLAKE AVE E BETWEEN THOMAS ST AND HARRISON ST,South Lake Union,0.051,0.13,9.0,0,10,0,-2.0,-2.0,-2.0,9,decrease,South,47.6213762,-122.32922659,120.0,1
EASTLAKE AVE E BETWEEN WARD ST AND PROSPECT ST,South Lake Union,0.543,0.698,10.0,0,10,0,-0.7,-0.25,-2.0,12,decrease,North,47.62823632,-122.32938631,600.0,1
FAIRVIEW AVE E BETWEEN E GARFIELD ST AND E BLAINE ST,South Lake Union,0.296,0.528,4.0,0,10,0,-1.525,-0.75,-2.0,11,decrease,North,47.63436135,-122.32687003,240.0,1
FAIRVIEW AVE N BETWEEN DENNY WAY AND JOHN ST,South Lake Union,0.241,0.368,3.0,0,10,0,-1.9,-1.5,-2.0,11,decrease,South,47.61911853,-122.33419318,120.0,1
FAIRVIEW AVE N BETWEEN HARRISON ST AND REPUBLICAN ST,South Lake Union,0.172,0.305,15.0,0,10,0,-1.975,-1.75,-2.0,12,decrease,South,47.62261088,-122.33443905,120.0,1
FAIRVIEW AVE N BETWEEN JOHN ST AND THOMAS ST,South Lake Union,0.252,0.35,13.0,0,10,0,-1.9,-1.75,-2.0,12,decrease,South,47.62024125,-122.33419944,600.0,1
FAIRVIEW AVE N BETWEEN THOMAS ST AND HARRISON ST,South Lake Union,0.121,0.231,26.0,0,10,0,-2.0,-2.0,-2.0,12,decrease,South,47.62141325,-122.334317615,600.0,2
FAIRVIEW NR AVE N BETWEEN YALE AVE N AND DEAD END,South Lake Union,0.294,0.439,23.0,0,10,0,-1.675,-1.25,-2.0,17,decrease,North,47.62923993,-122.33049132,120.0,1
HARRISON ST BETWEEN 8TH AVE N AND 9TH AVE N,South Lake Union,0.282,0.417,11.0,0,10,0,-1.725,-1.25,-2.0,10,decrease,South,47.62204602,-122.340428445,600.0,2
HARRISON ST BETWEEN 9TH AVE N AND WESTLAKE AVE N,South Lake Union,0.21,0.281,10.0,0,10,0,-2.0,-2.0,-2.0,13,decrease,South,47.62204378,-122.339136245,120.0,2
HARRISON ST BETWEEN AURORA AVE N AND DEXTER AVE N,South Lake Union,0.151,0.475,6.0,0,10,0,-1.9,-1.0,-2.0,17,decrease,South,47.62214055,-122.34302665,600.0,1
HARRISON ST BETWEEN BOREN AVE N AND FAIRVIEW AVE N,South Lake Union,0.217,0.344,8.0,0,10,0,-1.95,-1.75,-2.0,11,decrease,South,47.62209926,-122.33513202,600.0,1
HARRISON ST BETWEEN DEXTER AVE N AND 8TH AVE N,South Lake Union,0.209,0.292,10.0,0,10,0,-2.0,-2.0,-2.0,10,decrease,South,47.62205344,-122.34169418,600.0,2
HARRISON ST BETWEEN FAIRVIEW AVE N AND MINOR AVE N,South Lake Union,0.077,0.118,4.0,0,10,0,-2.0,-2.0,-2.0,12,decrease,South,47.62205537,-122.33364073,120.0,1
HARRISON ST BETWEEN MINOR AVE N AND PONTIUS AVE N,South Lake Union,0.056,0.097,15.0,0,10,0,-2.0,-2.0,-2.0,12,decrease,South,47.621969505,-122.332366435,120.0,2
HARRISON ST BETWEEN PONTIUS AVE N AND YALE AVE N,South Lake Union,0.125,0.173,11.0,0,10,0,-2.0,-2.0,-2.0,16,decrease,South,47.62196995,-122.33107625,120.0,2
HARRISON ST BETWEEN WESTLAKE AVE N AND TERRY AVE N,South Lake Union,0.304,0.388,5.0,0,10,0,-1.825,-1.5,-2.0,13,decrease,South,47.622038765,-122.337779375,120.0,2
HARRISON ST BETWEEN YALE AVE N AND EASTLAKE AVE E,South Lake Union,0.19,0.249,10.0,0,10,0,-2.0,-2.0,-2.0,14,decrease,South,47.62192424,-122.329809,120.0,1
JOHN ST BETWEEN 7TH NB AVE N AND DEXTER AVE N,South Lake Union,0.177,0.344,7.0,0,10,0,-1.975,-1.75,-2.0,10,decrease,South,47.619726285,-122.342997875,600.0,2
JOHN ST BETWEEN 8TH AVE N AND 9TH AVE N,South Lake Union,0.152,0.202,30.0,0,10,0,-2.0,-2.0,-2.0,12,decrease,South,47.6197113,-122.340461765,600.0,2
JOHN ST BETWEEN 9TH AVE N AND WESTLAKE AVE N,South Lake Union,0.293,0.341,8.0,0,10,0,-1.9,-1.75,-2.0,15,decrease,South,47.619705095,-122.33908951,600.0,2
JOHN ST BETWEEN DEXTER AVE N AND 8TH AVE N,South Lake Union,0.051,0.069,25.0,0,10,0,-2.0,-2.0,-2.0,17,decrease,South,47.619721035,-122.34167949,120.0,2
JOHN ST BETWEEN FAIRVIEW AVE N AND MINOR AVE N,South Lake Union,0.188,0.239,16.0,0,10,0,-2.0,-2.0,-2.0,13,decrease,South,47.61966339,-122.33362238,120.0,2
JOHN ST BETWEEN MINOR AVE N AND PONTIUS E AVE N,South Lake Union,0.083,0.119,18.0,0,10,0,-2.0,-2.0,-2.0,12,decrease,South,47.61966574,-122.332591525,120.0,2
JOHN ST BETWEEN PONTIUS E AVE N AND YALE AVE N,South Lake Union,0.102,0.168,13.0,0,10,0,-2.0,-2.0,-2.0,9,decrease,South,47.619666885,-122.331066115,120.0,2
JOHN ST BETWEEN WESTLAKE AVE N AND TERRY AVE N,South Lake Union,0.404,0.44,7.0,0,10,0,-1.375,-1.25,-1.75,10,decrease,South,47.61970292,-122.337826975,600.0,2
JOHN ST BETWEEN YALE AVE N AND EASTLAKE AVE E,South Lake Union,0.17,0.227,15.0,0,10,0,-2.0,-2.0,-2.0,11,decrease,South,47.61967868,-122.32983383,120.0,2
MERCER NR ST BETWEEN 8TH AVE N AND 9TH AVE N,South Lake Union,0.108,0.152,7.0,0,10,0,-2.0,-2.0,-2.0,14,decrease,South,47.62467469,-122.34044917,600.0,1
MERCER NR ST BETWEEN TERRY AVE N AND BOREN AVE N,South Lake Union,0.357,0.435,6.0,0,10,0,-1.575,-1.25,-2.0,11,decrease,South,47.62473843,-122.33650821,600.0,1
MERCER NR ST BETWEEN WESTLAKE AVE N AND TERRY AVE N,South Lake Union,0.484,0.638,6.0,0,10,0,-0.95,-0.25,-2.0,14,decrease,South,47.6247452,-122.33777132,600.0,1
MERCER SR ST BETWEEN 8TH AVE N AND 9TH AVE N,South Lake Union,0.196,0.329,4.0,0,10,0,-1.975,-1.75,-2.0,11,decrease,South,47.62445789,-122.34041685,600.0,1
MERCER SR ST BETWEEN 9TH AVE N AND WESTLAKE AVE N,South Lake Union,0.21,0.422,4.0,0,10,0,-1.85,-1.25,-2.0,12,decrease,South,47.62446547,-122.33917374,120.0,1
MERCER SR ST BETWEEN TERRY AVE N AND BOREN AVE N,South Lake Union,0.63,0.888,2.0,2,7,1,-0.45,0.25,-1.25,11,decrease,South,47.62447169,-122.33659908,600.0,1
MERCER SR ST BETWEEN WESTLAKE AVE N AND TERRY AVE N,South Lake Union,0.345,0.494,4.0,0,10,0,-1.55,-1.0,-2.0,11,decrease,South,47.62446799,-122.33783456,600.0,1
MERCER ST BETWEEN MERCER SR ST AND MINOR AVE N,South Lake Union,0.119,0.194,2.0,0,10,0,-2.0,-2.0,-2.0,8,decrease,South,47.62422099,-122.33342324,600.0,1
MERCER ST BETWEEN MINOR AVE N AND PONTIUS AVE N,South Lake Union,0.066,0.121,10.0,0,10,0,-2.0,-2.0,-2.0,15,decrease,South,47.624264825,-122.33238933,120.0,2
MERCER ST BETWEEN PONTIUS AVE N AND YALE AVE N,South Lake Union,0.084,0.104,15.0,0,10,0,-2.0,-2.0,-2.0,10,decrease,South,47.62427101,-122.33107733,120.0,2
MERCER ST BETWEEN YALE AVE N AND EASTLAKE AVE E,South Lake Union,0.063,0.114,13.0,0,10,0,-2.0,-2.0,-2.0,10,decrease,South,47.62427976,-122.32981917,120.0,2
MINOR AVE N BETWEEN DENNY WAY AND JOHN ST,South Lake Union,0.213,0.287,20.0,0,10,0,-2.0,-2.0,-2.0,12,decrease,South,47.61909987,-122.33297648,600.0,2
MINOR AVE N BETWEEN HARRISON ST AND REPUBLICAN ST,South Lake Union,0.08,0.135,25.0,0,10,0,-2.0,-2.0,-2.0,12,decrease,South,47.62254136,-122.332990425,600.0,2
MINOR AVE N BETWEEN JOHN ST AND THOMAS ST,South Lake Union,0.27,0.39,13.0,0,10,0,-1.775,-1.5,-2.0,12,decrease,South,47.620248735,-122.33298112,600.0,2
MINOR AVE N BETWEEN REPUBLICAN ST AND MERCER ST,South Lake Union,0.111,0.169,17.0,0,10,0,-2.0,-2.0,-2.0,10,decrease,South,47.62371014,-122.333003415,600.0,2
MINOR AVE N BETWEEN ROY ST AND VALLEY ST,South Lake Union,0.338,0.421,21.0,0,10,0,-1.55,-1.25,-2.0,12,decrease,North,47.62553492,-122.33256573,600.0,2
MINOR AVE N BETWEEN THOMAS ST AND HARRISON ST,South Lake Union,0.089,0.127,42.0,0,10,0,-2.0,-2.0,-2.0,12,decrease,South,47.621397665,-122.33298779,600.0,2
MINOR AVE N BETWEEN VALLEY ST AND ALOHA ST,South Lake Union,0.584,0.735,10.0,0,9,1,-0.55,0.0,-1.25,12,decrease,North,47.6264104,-122.33247238,600.0,1
PONTIUS AVE N BETWEEN HARRISON ST AND REPUBLICAN ST,South Lake Union,0.168,0.211,15.0,0,10,0,-2.0,-2.0,-2.0,10,decrease,South,47.62251895,-122.33181611,600.0,1
PONTIUS AVE N BETWEEN JOHN E ST AND THOMAS ST,South Lake Union,0.12,0.165,16.0,0,10,0,-2.0,-2.0,-2.0,12,decrease,South,47.620240595,-122.33169006,600.0,2
PONTIUS AVE N BETWEEN MERCER ST AND DEAD END,South Lake Union,0.134,0.314,3.0,0,10,0,-1.975,-1.75,-2.0,10,decrease,South,47.62451506,-122.3316418,120.0,1
PONTIUS AVE N BETWEEN REPUBLICAN ST AND MERCER ST,South Lake Union,0.226,0.275,18.0,0,10,0,-2.0,-2.0,-2.0,11,decrease,South,47.62369034,-122.331721925,600.0,2
PONTIUS AVE N BETWEEN THOMAS ST AND HARRISON ST,South Lake Union,0.258,0.349,12.0,0,10,0,-1.9,-1.75,-2.0,12,decrease,South,47.62139227,-122.33182921,600.0,1
REPUBLICAN ST BETWEEN 8TH AVE N AND 9TH AVE N,South Lake Union,0.211,0.307,5.0,0,10,0,-1.975,-1.75,-2.0,10,decrease,South,47.62328513,-122.34042507,120.0,1
REPUBLICAN ST BETWEEN 9TH AVE N AND WESTLAKE AVE N,South Lake Union,0.049,0.098,7.0,0,10,0,-2.0,-2.0,-2.0,13,decrease,South,47.62315969,-122.33914163,120.0,1
REPUBLICAN ST BETWEEN BOREN AVE N AND FAIRVIEW AVE N,South Lake Union,0.21,0.319,12.0,0,10,0,-1.975,-1.75,-2.0,9,decrease,South,47.623201675,-122.33510335,120.0,2
REPUBLICAN ST BETWEEN DEXTER AVE N AND 8TH AVE N,South Lake Union,0.187,0.222,10.0,0,10,0,-2.0,-2.0,-2.0,11,decrease,South,47.623218505,-122.341680145,120.0,2
REPUBLICAN ST BETWEEN FAIRVIEW AVE N AND MINOR AVE N,South Lake Union,0.204,0.309,7.0,0,10,0,-1.975,-1.75,-2.0,9,decrease,South,47.623125755,-122.333639345,120.0,2
REPUBLICAN ST BETWEEN MINOR AVE N AND PONTIUS AVE N,South Lake Union,0.101,0.166,9.0,0,10,0,-2.0,-2.0,-2.0,15,decrease,South,47.623120580000005,-122.33234199,120.0,2
REPUBLICAN ST BETWEEN PONTIUS AVE N AND YALE AVE N,South Lake Union,0.115,0.166,14.0,0,10,0,-2.0,-2.0,-2.0,11,decrease,South,47.623121315,-122.331100795,120.0,2
REPUBLICAN ST BETWEEN TERRY AVE N AND BOREN AVE N,South Lake Union,0.201,0.305,11.0,0,10,0,-1.975,-1.75,-2.0,9,decrease,South,47.62320208,-122.33652556,120.0,2
REPUBLICAN ST BETWEEN WESTLAKE AVE N AND TERRY AVE N,South Lake Union,0.328,0.489,10.0,0,10,0,-1.55,-1.0,-2.0,11,decrease,South,47.623206795,-122.33778223,120.0,2
ROY ST BETWEEN DEAD END AND EASTLAKE AVE E,South Lake Union,0.186,0.371,6.0,0,10,0,-1.925,-1.5,-2.0,11,decrease,South,47.62515553,-122.32969155,600.0,1
ROY ST BETWEEN FAIRVIEW AVE N AND MINOR AVE N,South Lake Union,0.588,0.851,9.0,1,5,4,-0.65,0.25,-2.0,11,decrease,North,47.62507204,-122.33344568,600.0,1
TERRY AVE N BETWEEN DENNY WAY AND JOHN ST,South Lake Union,0.284,0.4,9.0,0,10,0,-1.85,-1.25,-2.0,10,decrease,South,47.61911578,-122.33727883,120.0,1
TERRY AVE N BETWEEN HARRISON ST AND REPUBLICAN ST,South Lake Union,0.218,0.291,15.0,0,10,0,-2.0,-2.0,-2.0,11,decrease,South,47.622621175000006,-122.33714694,120.0,2
TERRY AVE N BETWEEN JOHN ST AND THOMAS ST,South Lake Union,0.222,0.304,7.0,0,10,0,-1.975,-1.75,-2.0,17,decrease,South,47.62027821,-122.33727531,120.0,1
TERRY AVE N BETWEEN REPUBLICAN ST AND MERCER SR ST,South Lake Union,0.15,0.214,20.0,0,10,0,-2.0,-2.0,-2.0,12,decrease,South,47.62387746,-122.337126815,120.0,2
TERRY AVE N BETWEEN THOMAS ST AND HARRISON ST,South Lake Union,0.252,0.472,12.0,0,10,0,-1.875,-1.0,-2.0,17,decrease,South,47.621447285,-122.337166475,120.0,2
THOMAS ST BETWEEN 8TH AVE N AND 9TH AVE N,South Lake Union,0.262,0.353,7.0,0,10,0,-1.925,-1.5,-2.0,11,decrease,South,47.62080468,-122.34042534,600.0,1
THOMAS ST BETWEEN 9TH AVE N AND WESTLAKE AVE N,South Lake Union,0.194,0.24,15.0,0,10,0,-2.0,-2.0,-2.0,11,decrease,South,47.620873865,-122.33914245,120.0,2
THOMAS ST BETWEEN BOREN AVE N AND FAIRVIEW AVE N,South Lake Union,0.149,0.261,11.0,0,10,0,-2.0,-2.0,-2.0,10,decrease,South,47.62078405,-122.33510817,120.0,1
THOMAS ST BETWEEN DEXTER AVE N AND 8TH AVE N,South Lake Union,0.151,0.224,4.0,0,10,0,-2.0,-2.0,-2.0,9,decrease,South,47.62080932,-122.34170543,120.0,1
THOMAS ST BETWEEN FAIRVIEW AVE N AND MINOR AVE N,South Lake Union,0.136,0.222,11.0,0,10,0,-2.0,-2.0,-2.0,12,decrease,South,47.620822405,-122.33363133,120.0,2
THOMAS ST BETWEEN MINOR AVE N AND PONTIUS AVE N,South Lake Union,0.069,0.118,11.0,0,10,0,-2.0,-2.0,-2.0,13,decrease,South,47.620818135,-122.33234005,120.0,2
THOMAS ST BETWEEN PONTIUS AVE N AND YALE AVE N,South Lake Union,0.312,0.406,14.0,0,10,0,-1.75,-1.25,-2.0,12,decrease,South,47.62081873,-122.33104846,120.0,2
THOMAS ST BETWEEN TERRY AVE N AND BOREN AVE N,South Lake Union,0.447,0.609,9.0,0,10,0,-1.15,-0.25,-2.0,11,decrease,South,47.620859370000005,-122.33646776,600.0,2
THOMAS ST BETWEEN WESTLAKE AVE N AND TERRY AVE N,South Lake Union,0.279,0.544,1.0,0,10,0,-1.65,-0.75,-2.0,17,decrease,South,47.62093987,-122.33776217,120.0,1
THOMAS ST BETWEEN YALE AVE N AND EASTLAKE AVE E,South Lake Union,0.28,0.446,5.0,0,10,0,-1.675,-1.25,-2.0,11,decrease,South,47.62076448,-122.3297844,120.0,1
VALLEY ST BETWEEN AURORA AVE N AND DEXTER AVE N,South Lake Union,0.206,0.273,15.0,0,10,0,-2.0,-2.0,-2.0,13,decrease,North,47.626264185,-122.34288922,600.0,2
VALLEY ST BETWEEN BOREN AVE N AND FAIRVIEW AVE N,South Lake Union,0.442,0.675,7.0,0,10,0,-1.075,-0.25,-2.0,17,decrease,North,47.62564061,-122.33517116,600.0,1
VALLEY ST BETWEEN DEXTER AVE N AND 8TH AVE N,South Lake Union,0.513,0.617,22.0,0,10,0,-0.8,-0.25,-1.5,12,decrease,North,47.626261715,-122.34167619,600.0,2
VALLEY ST BETWEEN FAIRVIEW AVE N AND MINOR AVE N,South Lake Union,0.364,0.531,15.0,0,10,0,-1.425,-0.75,-2.0,14,decrease,North,47.62587776,-122.33348049,600.0,1
VALLEY ST BETWEEN MINOR AVE N AND YALE AVE N,South Lake Union,0.19,0.272,21.0,0,10,0,-2.0,-2.0,-2.0,13,decrease,North,47.625973385,-122.331674385,120.0,2
VALLEY ST BETWEEN TERRY AVE N AND LAKE UNION PARK ACCESS RD,South Lake Union,0.626,0.97,6.0,4,5,1,-0.5,0.5,-2.0,12,decrease,North,47.62564256,-122.33666877,120.0,1
VALLEY ST BETWEEN WESTLAKE AVE N AND TERRY AVE N,South Lake Union,0.761,0.974,6.0,3,3,4,-0.1,0.5,-1.5,15,hold,North,47.62564186,-122.33788753,600.0,1
WESTLAKE AVE N BETWEEN DENNY WAY AND JOHN ST,South Lake Union,0.355,0.548,5.0,0,10,0,-1.5,-0.75,-2.0,8,decrease,South,47.61911756,-122.3385976,120.0,1
WESTLAKE AVE N BETWEEN HARRISON ST AND REPUBLICAN ST,South Lake Union,0.346,0.443,8.0,0,10,0,-1.6,-1.25,-2.0,11,decrease,South,47.622629325,-122.338457045,120.0,2
WESTLAKE AVE N BETWEEN JOHN ST AND THOMAS ST,South Lake Union,0.195,0.228,20.0,0,10,0,-2.0,-2.0,-2.0,9,decrease,South,47.620278115,-122.33846238,120.0,2
WESTLAKE AVE N BETWEEN THOMAS ST AND HARRISON ST,South Lake Union,0.225,0.318,5.0,0,10,0,-1.975,-1.75,-2.0,11,decrease,South,47.62145672,-122.33857409,120.0,1
WESTLAKE AVE N BETWEEN VALLEY ST AND 9TH AVE N,South Lake Union,0.304,0.623,14.0,0,10,0,-1.35,-0.25,-2.0,17,decrease,North,47.62621889,-122.3391098,600.0,1
YALE AVE N BETWEEN HARRISON ST AND REPUBLICAN ST,South Lake Union,0.133,0.234,10.0,0,10,0,-2.0,-2.0,-2.0,10,decrease,South,47.62254634,-122.3303386,120.0,1
YALE AVE N BETWEEN JOHN ST AND THOMAS ST,South Lake Union,0.328,0.379,19.0,0,10,0,-1.725,-1.5,-2.0,12,decrease,South,47.620248485000005,-122.33040624,120.0,2
YALE AVE N BETWEEN MERCER ST AND DEAD END 1,South Lake Union,0.09,0.152,8.0,0,10,0,-2.0,-2.0,-2.0,12,decrease,South,47.62465974,-122.3304927,120.0,1
YALE AVE N BETWEEN REPUBLICAN ST AND MERCER ST,South Lake Union,0.235,0.345,26.0,0,10,0,-1.95,-1.75,-2.0,11,decrease,South,47.623697255,-122.33043749,600.0,2
YALE AVE N BETWEEN STEWART ST AND JOHN ST,South Lake Union,0.12,0.165,11.0,0,10,0,-2.0,-2.0,-2.0,17,decrease,South,47.619232165,-122.330415175,120.0,2
YALE AVE N BETWEEN THOMAS ST AND HARRISON ST,South Lake Union,0.232,0.367,9.0,0,10,0,-1.925,-1.5,-2.0,12,decrease,South,47.62139895,-122.33033703,120.0,1
YALE AVE N BETWEEN VALLEY ST AND ALOHA ST,South Lake Union,0.117,0.17,7.0,0,10,0,-2.0,-2.0,-2.0,15,decrease,North,47.62641488,-122.33093328,120.0,1
11TH AVE NE BETWEEN DEAD END 1 AND NE 41ST ST,University District,0.414,0.634,8.0,0,10,0,-1.2,-0.25,-2.0,11,decrease,Edge,47.656608015,-122.316701835,240.0,2
11TH AVE NE BETWEEN EASTLAKE AVE NE AND NE 42ND ST,University District,0.473,0.666,13.0,0,10,0,-0.975,-0.25,-2.0,11,decrease,Edge,47.657915435,-122.316665215,240.0,2
11TH AVE NE BETWEEN NE 42ND ST AND NE 43RD ST,University District,0.282,0.389,31.0,0,10,0,-1.85,-1.5,-2.0,11,decrease,Edge,47.65909494,-122.31664243,240.0,2
11TH AVE NE BETWEEN NE 45TH ST AND NE 47TH ST,University District,0.459,0.634,17.0,0,10,0,-1.075,-0.25,-2.0,11,decrease,Edge,47.66220585,-122.31659916,240.0,1
11TH AVE NE BETWEEN NE 47TH ST AND NE 50TH ST,University District,0.363,0.449,15.0,0,10,0,-1.5,-1.25,-2.0,14,decrease,Edge,47.66400789,-122.31642786,240.0,1
12TH AVE NE BETWEEN NE 41ST ST AND NE 42ND ST,University District,0.195,0.407,17.0,0,12,0,-1.917,-1.25,-2.0,19,decrease,Core,47.65760159,-122.31559203,120.0,1
12TH AVE NE BETWEEN NE 42ND ST AND NE 43RD ST,University District,0.193,0.309,15.0,0,12,0,-1.979,-1.75,-2.0,19,decrease,Core,47.65908193,-122.31555312,120.0,1
12TH AVE NE BETWEEN NE 43RD ST AND NE 45TH ST,University District,0.24,0.346,8.0,0,12,0,-1.938,-1.75,-2.0,19,decrease,Core,47.66058075,-122.31554617,120.0,1
12TH AVE NE BETWEEN NE 45TH ST AND NE 47TH ST,University District,0.319,0.515,22.0,0,12,0,-1.646,-0.75,-2.0,19,decrease,Core,47.662225595,-122.31536616,120.0,2
12TH AVE NE BETWEEN NE 47TH ST AND NE 50TH ST,University District,0.119,0.166,21.0,0,12,0,-2.0,-2.0,-2.0,19,decrease,Core,47.66401355,-122.31535216,120.0,1
12TH AVE NE BETWEEN NE CAMPUS WB PY AND NE 41ST ST,University District,0.125,0.313,6.0,0,12,0,-1.979,-1.75,-2.0,11,decrease,Core,47.65655643,-122.31563166,120.0,1
15TH AVE NE BETWEEN NE 42ND ST AND NE 43RD ST,University District,0.18,0.369,5.0,0,12,0,-1.896,-1.5,-2.0,13,decrease,Core,47.65902135,-122.31210101,120.0,1
15TH AVE NE BETWEEN NE 43RD ST AND NE 45TH ST,University District,0.337,0.572,6.0,0,12,0,-1.458,-0.5,-2.0,19,decrease,Core,47.66050168,-122.31206204,120.0,1
15TH AVE NE BETWEEN NE 45TH ST AND NE 47TH ST,University District,0.544,0.742,24.0,0,8,2,-0.675,0.0,-2.0,16,decrease,Edge,47.66219312,-122.311950785,240.0,2
15TH AVE NE BETWEEN NE 47TH ST AND NE 50TH ST,University District,0.348,0.548,40.0,0,10,0,-1.525,-0.75,-2.0,17,decrease,Edge,47.663980715,-122.311953705,240.0,2
15TH AVE NE BETWEEN NE BOAT W ST AND NE PACIFIC ST,University District,0.532,0.729,9.0,0,10,2,-0.75,0.0,-2.0,18,decrease,Core,47.65233251,-122.31333738,120.0,1
9TH AVE NE BETWEEN NE 45TH E ST AND NE 47TH ST,University District,0.487,0.676,15.0,0,10,0,-0.925,-0.25,-2.0,11,decrease,Edge,47.66221317,-122.31846159,240.0,1
BROOKLYN AVE NE BETWEEN NE 41ST ST AND NE 42ND ST,University District,0.156,0.318,34.0,0,12,0,-1.979,-1.75,-2.0,19,decrease,Core,47.65756036,-122.31438351,120.0,2
BROOKLYN AVE NE BETWEEN NE 42ND ST AND NE 43RD ST,University District,0.261,0.461,23.0,0,12,0,-1.896,-1.0,-2.0,19,decrease,Core,47.659040020000006,-122.31434056,120.0,2
BROOKLYN AVE NE BETWEEN NE 43RD ST AND NE 45TH ST,University District,0.295,0.515,8.0,0,12,0,-1.771,-0.75,-2.0,18,decrease,Core,47.6605153,-122.31439334,120.0,1
BROOKLYN AVE NE BETWEEN NE 45TH ST AND NE 47TH ST,University District,0.194,0.333,14.0,0,12,0,-1.958,-1.75,-2.0,19,decrease,Core,47.66217406,-122.31432926,120.0,1
BROOKLYN AVE NE BETWEEN NE 47TH ST AND NE 50TH ST,University District,0.193,0.319,35.0,0,12,0,-1.979,-1.75,-2.0,19,decrease,Core,47.66400406,-122.314224055,120.0,2
NE 40TH ST BETWEEN BROOKLYN AVE NE AND UNIVERSITY WAY NE,University District,0.144,0.211,6.0,0,12,0,-2.0,-2.0,-2.0,14,decrease,Core,47.65541883,-122.31390998,120.0,1
NE 40TH ST BETWEEN UNIVERSITY WAY NE AND 15TH AVE NE,University District,0.318,0.438,4.0,0,12,0,-1.75,-1.25,-2.0,10,decrease,Core,47.65540467,-122.31272946,120.0,1
NE 41ST ST BETWEEN 11TH AVE NE AND 12TH AVE NE,University District,0.687,0.872,14.0,1,4,5,-0.275,0.25,-1.5,11,decrease,Edge,47.65686757,-122.31611848,240.0,2
NE 41ST ST BETWEEN 12TH AVE NE AND BROOKLYN AVE NE,University District,0.104,0.182,14.0,0,12,0,-2.0,-2.0,-2.0,10,decrease,Core,47.656857355,-122.314989495,120.0,2
NE 41ST ST BETWEEN BROOKLYN AVE NE AND UNIVERSITY WAY NE,University District,0.212,0.323,10.0,0,12,0,-1.979,-1.75,-2.0,13,decrease,Core,47.65684412,-122.313838195,120.0,2
NE 41ST ST BETWEEN UNIVERSITY WAY NE AND 15TH AVE NE,University District,0.175,0.275,10.0,0,12,0,-2.0,-2.0,-2.0,19,decrease,Core,47.656830605,-122.312645575,120.0,2
NE 42ND ST BETWEEN 11TH AVE NE AND 12TH AVE NE,University District,0.479,0.571,14.0,0,10,0,-0.95,-0.5,-2.0,11,decrease,Edge,47.658349235,-122.31608976,240.0,2
NE 42ND ST BETWEEN 12TH AVE NE AND BROOKLYN AVE NE,University District,0.292,0.598,7.0,0,12,0,-1.708,-0.5,-2.0,19,decrease,Core,47.658335575,-122.314943585,120.0,2
NE 42ND ST BETWEEN BROOKLYN AVE NE AND UNIVERSITY WAY NE,University District,0.291,0.47,10.0,0,12,0,-1.729,-1.0,-2.0,19,decrease,Core,47.658321225,-122.313741785,120.0,2
NE 42ND ST BETWEEN UNIVERSITY WAY NE AND 15TH AVE NE,University District,0.345,0.461,13.0,0,12,0,-1.542,-1.0,-2.0,19,decrease,Core,47.6583078,-122.31260889,120.0,2
NE 47TH ST BETWEEN 11TH AVE NE AND 12TH AVE NE,University District,0.547,0.802,7.0,0,8,2,-0.7,0.0,-2.0,13,decrease,Edge,47.6631053,-122.315799555,240.0,2
NE 47TH ST BETWEEN 9TH AVE NE AND ROOSEVELT WAY NE,University District,0.27,0.375,7.0,0,10,0,-1.825,-1.5,-2.0,11,decrease,Edge,47.66312116,-122.317912595,240.0,2
NE 47TH ST BETWEEN BROOKLYN AVE NE AND UNIVERSITY WAY NE,University District,0.26,0.401,12.0,0,12,0,-1.833,-1.25,-2.0,18,decrease,Core,47.663095735,-122.313671905,120.0,2
NE 47TH ST BETWEEN ROOSEVELT WAY NE AND 11TH AVE NE,University District,0.329,0.397,4.0,0,10,0,-1.725,-1.5,-2.0,14,decrease,Edge,47.66317097,-122.31689232,240.0,1
NE 47TH ST BETWEEN UNIVERSITY WAY NE AND 15TH AVE NE,University District,0.364,0.481,8.0,0,12,0,-1.438,-1.0,-2.0,15,decrease,Core,47.663100015,-122.312527465,120.0,2
NE BOAT ST BETWEEN NE BOAT WR ST AND BROOKLYN AVE NE,University District,0.324,0.446,61.0,0,12,0,-1.688,-1.25,-2.0,12,decrease,Core,47.652444335,-122.31622559,120.0,2
NE BOAT ST BETWEEN NE PACIFIC ST AND NE BOAT WR ST,University District,0.283,0.558,9.0,0,12,0,-1.604,-0.5,-2.0,13,decrease,Core,47.65343369,-122.317530335,120.0,2
NE CAMPUS EB PY BETWEEN UNIVERSITY WAY NE AND 15TH AVE NE,University District,0.188,0.271,8.0,0,12,0,-2.0,-2.0,-2.0,14,decrease,Core,47.65592374,-122.31268351,120.0,1
NE PACIFIC ST BETWEEN BROOKLYN AVE NE AND UNIVERSITY WAY NE,University District,0.061,0.167,7.0,0,12,0,-2.0,-2.0,-2.0,10,decrease,Core,47.6536477,-122.31388092,120.0,1
ROOSEVELT WAY NE BETWEEN NE 42ND S ST AND NE 42ND N ST,University District,0.358,0.605,7.0,0,10,0,-1.4,-0.25,-2.0,10,decrease,Edge,47.65792032,-122.31771051,240.0,1
ROOSEVELT WAY NE BETWEEN NE 43RD N ST AND NE 45TH ST,University District,0.376,0.522,6.0,0,10,0,-1.475,-0.75,-2.0,10,decrease,Edge,47.66054298,-122.31780478,240.0,1
ROOSEVELT WAY NE BETWEEN NE 45TH ST AND NE 47TH ST,University District,0.171,0.252,14.0,0,10,0,-2.0,-2.0,-2.0,13,decrease,Edge,47.66223912,-122.31736467,240.0,1
ROOSEVELT WAY NE BETWEEN NE 47TH ST AND NE 50TH ST,University District,0.351,0.466,14.0,0,10,0,-1.575,-1.0,-2.0,13,decrease,Edge,47.66400658,-122.31732455,240.0,1
UNIVERSITY WAY NE BETWEEN NE 40TH ST AND NE CAMPUS EB PY,University District,0.206,0.312,8.0,0,12,0,-1.979,-1.75,-2.0,19,decrease,Core,47.65565595,-122.313272855,120.0,2
UNIVERSITY WAY NE BETWEEN NE 41ST ST AND NE 42ND ST,University District,0.315,0.447,7.0,0,12,0,-1.625,-1.25,-2.0,13,decrease,Core,47.65753657,-122.31314236,120.0,1
UNIVERSITY WAY NE BETWEEN NE 42ND ST AND NE 43RD ST,University District,0.367,0.526,21.0,0,12,0,-1.375,-0.75,-2.0,13,decrease,Core,47.659019415,-122.313188685,120.0,2
UNIVERSITY WAY NE BETWEEN NE 43RD ST AND NE 45TH ST,University District,0.508,0.664,12.0,0,12,0,-0.771,-0.25,-2.0,13,decrease,Core,47.660502865,-122.313151795,120.0,2
UNIVERSITY WAY NE BETWEEN NE 45TH ST AND NE 47TH ST,University District,0.381,0.449,22.0,0,12,0,-1.458,-1.25,-2.0,18,decrease,Core,47.662165525000006,-122.313115935,120.0,2
UNIVERSITY WAY NE BETWEEN NE 47TH ST AND NE 50TH ST,University District,0.377,0.494,25.0,0,12,0,-1.458,-1.0,-2.0,18,decrease,Core,47.664003085,-122.313085825,120.0,2
UNIVERSITY WAY NE BETWEEN NE CAMPUS WB PY AND NE 41ST ST,University District,0.15,0.28,11.0,0,12,0,-2.0,-2.0,-2.0,12,decrease,Core,47.656485255,-122.313253135,120.0,2
UNIVERSITY WAY NE BETWEEN NE PACIFIC ST AND NE 40TH ST,University District,0.188,0.311,25.0,0,12,0,-1.979,-1.75,-2.0,14,decrease,Core,47.65439843,-122.31330533,120.0,2
1ST AVE N BETWEEN DENNY WAY AND JOHN ST,Uptown,0.261,0.6,5.0,0,14,0,-1.679,-0.5,-2.0,11,decrease,,47.61918751,-122.35536309,240.0,1
1ST AVE N BETWEEN HARRISON ST AND REPUBLICAN ST,Uptown,0.17,0.386,7.0,0,14,0,-1.875,-1.5,-2.0,13,decrease,,47.62268904,-122.35550455,240.0,1
1ST AVE N BETWEEN JOHN ST AND THOMAS ST,Uptown,0.16,0.356,7.0,0,14,0,-1.964,-1.5,-2.0,12,decrease,,47.6203434,-122.35535352,240.0,1
1ST AVE N BETWEEN MERCER ST AND ROY ST,Uptown,0.242,0.463,5.0,0,14,0,-1.821,-1.0,-2.0,18,decrease,,47.62502233,-122.35546524,120.0,1
1ST AVE N BETWEEN REPUBLICAN ST AND MERCER ST,Uptown,0.218,0.332,19.0,0,14,0,-1.929,-1.75,-2.0,19,decrease,,47.62391394,-122.35540734,240.0,2
1ST AVE N BETWEEN THOMAS ST AND HARRISON ST,Uptown,0.276,0.572,12.0,0,14,0,-1.411,-0.5,-2.0,15,decrease,,47.62151977,-122.35551415,240.0,1
1ST AVE W BETWEEN W HARRISON ST AND W REPUBLICAN ST,Uptown,0.426,0.764,13.0,0,13,1,-1.196,0.0,-2.0,19,decrease,,47.62269873,-122.35802656,240.0,2
1ST AVE W BETWEEN W JOHN ST AND W THOMAS ST,Uptown,0.443,0.605,19.0,0,14,0,-1.089,-0.25,-2.0,19,decrease,,47.62036552,-122.35804046,240.0,2
1ST AVE W BETWEEN W MERCER ST AND W ROY ST,Uptown,0.232,0.393,4.0,0,14,0,-1.929,-1.5,-2.0,11,decrease,,47.62515306,-122.35809341,240.0,1
1ST AVE W BETWEEN W REPUBLICAN ST AND W MERCER ST,Uptown,0.256,0.649,25.0,0,14,0,-1.786,-0.25,-2.0,19,decrease,,47.623922105,-122.358011925,120.0,2
1ST AVE W BETWEEN W THOMAS ST AND W HARRISON ST,Uptown,0.308,0.453,20.0,0,14,0,-1.661,-1.0,-2.0,18,decrease,,47.621510705000006,-122.358039985,240.0,2
1ST AVE W BETWEEN WESTERN AVE W AND W JOHN ST,Uptown,0.403,0.579,6.0,0,14,0,-1.25,-0.5,-2.0,19,decrease,,47.619422925,-122.35805574,240.0,2
2ND AVE N BETWEEN DENNY WAY AND JOHN ST,Uptown,0.5,0.679,11.0,0,14,0,-0.768,-0.25,-2.0,19,decrease,,47.61920357,-122.3526927,240.0,1
2ND AVE N BETWEEN MERCER ST AND ROY ST,Uptown,0.334,0.727,7.0,0,13,1,-1.554,0.0,-2.0,19,decrease,,47.625009000000006,-122.35278448,240.0,2
2ND AVE N BETWEEN SCIENCE CENTER WKWY AND THOMAS ST,Uptown,0.652,0.891,8.0,2,7,5,-0.429,0.25,-2.0,11,decrease,,47.62036489,-122.35293883,240.0,1
2ND AVE W BETWEEN W HARRISON ST AND W REPUBLICAN ST,Uptown,0.181,0.396,26.0,0,14,0,-1.946,-1.5,-2.0,19,decrease,,47.622700365,-122.359335875,240.0,2
2ND AVE W BETWEEN W MERCER ST AND W ROY ST,Uptown,0.357,0.589,4.0,0,14,0,-1.393,-0.5,-2.0,15,decrease,,47.6251721,-122.35941045,240.0,1
2ND AVE W BETWEEN W REPUBLICAN ST AND W MERCER ST,Uptown,0.311,0.626,18.0,0,14,0,-1.661,-0.25,-2.0,19,decrease,,47.623937585,-122.359326775,240.0,2
2ND AVE W BETWEEN W THOMAS ST AND W HARRISON ST,Uptown,0.229,0.534,17.0,0,14,0,-1.839,-0.75,-2.0,19,decrease,,47.621532795,-122.35934437,240.0,2
2ND AVE W BETWEEN WESTERN AVE W AND W THOMAS ST,Uptown,0.296,0.578,15.0,0,14,0,-1.732,-0.5,-2.0,19,decrease,,47.62036649,-122.359353655,240.0,2
3RD AVE N BETWEEN MERCER ST AND ROY ST,Uptown,0.146,0.617,2.0,0,14,0,-1.821,-0.25,-2.0,19,decrease,,47.62503968,-122.35158492,240.0,1
3RD AVE W BETWEEN W HARRISON ST AND W REPUBLICAN ST,Uptown,0.451,0.75,15.0,0,12,2,-1.089,0.0,-2.0,11,decrease,,47.622710505,-122.36063847,240.0,2
3RD AVE W BETWEEN W MERCER ST AND W ROY ST,Uptown,0.149,0.284,2.0,0,14,0,-2.0,-2.0,-2.0,19,decrease,,47.62517435,-122.3605438,120.0,1
3RD AVE W BETWEEN W THOMAS ST AND W THOMAS ST OVERPASS,Uptown,0.317,0.488,4.0,0,14,0,-1.643,-1.0,-2.0,19,decrease,,47.62137228,-122.36077359,240.0,1
3RD AVE W BETWEEN W THOMAS ST OVERPASS AND W HARRISON ST,Uptown,0.626,0.829,2.0,0,10,4,-0.446,0.0,-2.0,15,decrease,,47.62195494,-122.36052619,240.0,1
4TH AVE W BETWEEN ELLIOTT AVE W AND W HARRISON ST,Uptown,0.14,0.215,7.0,0,14,0,-2.0,-2.0,-2.0,10,decrease,,47.621845685,-122.36195575,240.0,2
4TH AVE W BETWEEN W HARRISON ST AND W REPUBLICAN ST,Uptown,0.07,0.218,19.0,0,14,0,-2.0,-2.0,-2.0,19,decrease,,47.622711465,-122.361947905,240.0,2
5TH AVE N BETWEEN MERCER ST AND ROY ST,Uptown,0.332,0.528,7.0,0,14,0,-1.536,-0.75,-2.0,19,decrease,,47.62500038,-122.347557725,240.0,2
5TH AVE N BETWEEN ROY ST AND VALLEY ST,Uptown,0.224,0.374,9.0,0,14,0,-1.946,-1.5,-2.0,19,decrease,,47.625850595,-122.3475205,240.0,2
5TH AVE N BETWEEN VALLEY ST AND ALOHA ST,Uptown,0.292,0.437,13.0,0,14,0,-1.732,-1.25,-2.0,18,decrease,,47.62671902,-122.347553605,240.0,2
6TH AVE N BETWEEN DEAD END 1 AND ROY ST,Uptown,0.124,0.187,11.0,0,14,0,-2.0,-2.0,-2.0,19,decrease,,47.625066005,-122.34495655,240.0,2
6TH AVE N BETWEEN ROY ST AND VALLEY ST,Uptown,0.099,0.265,3.0,0,14,0,-2.0,-2.0,-2.0,19,decrease,,47.62584165,-122.34499983,240.0,1
6TH AVE N BETWEEN VALLEY ST AND ALOHA ST,Uptown,0.099,0.334,10.0,0,14,0,-1.982,-1.75,-2.0,19,decrease,,47.62670975,-122.34488724,240.0,1
ALOHA ST BETWEEN 4TH AVE N AND 5TH AVE N,Uptown,0.191,0.4,4.0,0,14,0,-1.929,-1.5,-2.0,18,decrease,,47.6271261,-122.34820537,120.0,1
ALOHA ST BETWEEN 5TH AVE N AND TAYLOR AVE N,Uptown,0.305,0.643,1.0,0,14,0,-1.607,-0.25,-2.0,18,decrease,,47.62712158,-122.34689962,120.0,1
JOHN ST BETWEEN WARREN AVE N AND 2ND AVE N,Uptown,0.566,0.811,18.0,0,7,7,-0.625,0.0,-2.0,11,decrease,,47.619759775000006,-122.353483115,240.0,2
LENNY WILKENS WAY BETWEEN 1ST AVE N AND WARREN AVE N,Uptown,0.036,0.25,4.0,0,14,0,-2.0,-2.0,-2.0,13,decrease,,47.62096903,-122.35478284,240.0,1
LENNY WILKENS WAY BETWEEN WARREN AVE N AND 2ND AVE N,Uptown,0.371,0.677,19.0,0,14,0,-1.179,-0.25,-2.0,12,decrease,,47.620924645,-122.35347655,240.0,2
MERCER ST BETWEEN 1ST AVE N AND WARREN AVE N,Uptown,0.143,0.654,4.0,0,14,0,-1.839,-0.25,-2.0,18,decrease,,47.62449467,-122.3547637,240.0,1
MERCER ST BETWEEN 3RD AVE N AND 4TH AVE N,Uptown,0.477,0.701,14.0,0,13,1,-0.893,0.0,-2.0,19,decrease,,47.62465764,-122.35019179,240.0,1
MERCER ST BETWEEN QUEEN ANNE AVE N AND 1ST AVE N,Uptown,0.128,0.393,7.0,0,14,0,-1.964,-1.5,-2.0,19,decrease,,47.62450385,-122.35605718,120.0,1
MERCER ST BETWEEN WARREN AVE N AND 2ND AVE N,Uptown,0.175,0.464,9.0,0,14,0,-1.911,-1.0,-2.0,19,decrease,,47.62448372,-122.35347203,240.0,1
QUEEN ANNE AVE N BETWEEN DENNY WAY AND JOHN ST,Uptown,0.208,0.448,10.0,0,14,0,-1.911,-1.25,-2.0,19,decrease,,47.61918294,-122.35665021,240.0,1
QUEEN ANNE AVE N BETWEEN HARRISON ST AND REPUBLICAN ST,Uptown,0.442,0.654,13.0,0,14,0,-1.036,-0.25,-2.0,19,decrease,,47.62267511,-122.35680987,240.0,1
QUEEN ANNE AVE N BETWEEN JOHN ST AND THOMAS ST,Uptown,0.258,0.465,24.0,0,14,0,-1.821,-1.0,-2.0,18,decrease,,47.620355085,-122.35674264,240.0,2
QUEEN ANNE AVE N BETWEEN MERCER ST AND ROY ST,Uptown,0.235,0.393,9.0,0,14,0,-1.911,-1.5,-2.0,19,decrease,,47.625032225,-122.35670586,120.0,2
QUEEN ANNE AVE N BETWEEN REPUBLICAN ST AND MERCER ST,Uptown,0.437,0.744,4.0,0,13,1,-1.143,0.0,-2.0,19,decrease,,47.62391792,-122.35680791,120.0,1
QUEEN ANNE AVE N BETWEEN THOMAS ST AND HARRISON ST,Uptown,0.402,0.596,8.0,0,14,0,-1.25,-0.5,-2.0,19,decrease,,47.62150584,-122.35681515,240.0,1
REPUBLICAN ST BETWEEN 1ST AVE N AND WARREN AVE N,Uptown,0.467,0.61,10.0,0,14,0,-0.929,-0.25,-2.0,11,decrease,,47.623264925,-122.3547356,240.0,2
REPUBLICAN ST BETWEEN QUEEN ANNE AVE N AND 1ST AVE N,Uptown,0.398,0.766,3.0,0,13,1,-1.268,0.0,-2.0,16,decrease,,47.62334257,-122.35603229,120.0,1
ROY ST BETWEEN 1ST AVE N AND WARREN AVE N,Uptown,0.383,0.65,10.0,0,14,0,-1.411,-0.25,-2.0,19,decrease,,47.62551026,-122.35477396,240.0,1
ROY ST BETWEEN 2ND AVE N AND 3RD AVE N,Uptown,0.304,0.435,4.0,0,14,0,-1.732,-1.25,-2.0,19,decrease,,47.62550049,-122.35214623,240.0,1
ROY ST BETWEEN 4TH AVE N AND 5TH AVE N,Uptown,0.237,0.461,2.0,0,14,0,-1.911,-1.0,-2.0,19,decrease,,47.62548581,-122.34823901,240.0,1
ROY ST BETWEEN 5TH AVE N AND TAYLOR AVE N,Uptown,0.156,0.276,5.0,0,14,0,-2.0,-2.0,-2.0,19,decrease,,47.6253791,-122.34683149,240.0,1
ROY ST BETWEEN 6TH AVE N AND AURORA AVE N,Uptown,0.105,0.151,5.0,0,14,0,-2.0,-2.0,-2.0,13,decrease,,47.62545441,-122.34429001,240.0,1
ROY ST BETWEEN NOB HILL AVE N AND 4TH AVE N,Uptown,0.269,0.554,9.0,0,14,0,-1.732,-0.5,-2.0,19,decrease,,47.62549076,-122.3495519,240.0,1
ROY ST BETWEEN TAYLOR AVE N AND 6TH AVE N,Uptown,0.174,0.402,8.0,0,14,0,-1.929,-1.25,-2.0,19,decrease,,47.625415545,-122.345580195,240.0,2
ROY ST BETWEEN WARREN AVE N AND 2ND AVE N,Uptown,0.358,0.66,6.0,0,14,0,-1.429,-0.25,-2.0,19,decrease,,47.62550548,-122.35349227,240.0,1
TAYLOR AVE N BETWEEN MERCER ST AND ROY ST,Uptown,0.135,0.45,7.0,0,14,0,-1.929,-1.0,-2.0,19,decrease,,47.62498641,-122.34618163,240.0,1
TAYLOR AVE N BETWEEN ROY ST AND VALLEY ST,Uptown,0.091,0.288,13.0,0,14,0,-2.0,-2.0,-2.0,19,decrease,,47.62584592,-122.346255615,240.0,2
TAYLOR AVE N BETWEEN VALLEY ST AND ALOHA ST,Uptown,0.12,0.349,5.0,0,14,0,-1.964,-1.75,-2.0,18,decrease,,47.62671434,-122.346248385,120.0,2
VALLEY ST BETWEEN 6TH AVE N AND AURORA AVE N,Uptown,0.032,0.122,5.0,0,14,0,-2.0,-2.0,-2.0,19,decrease,,47.62631375,-122.34427177,240.0,1
W HARRISON ST BETWEEN 1ST AVE W AND 2ND AVE W,Uptown,0.231,0.433,5.0,0,14,0,-1.893,-1.25,-2.0,19,decrease,,47.6220717,-122.35868568,240.0,1
W HARRISON ST BETWEEN 2ND AVE W AND 3RD AVE W,Uptown,0.276,0.412,4.0,0,14,0,-1.804,-1.25,-2.0,11,decrease,,47.62207629,-122.35998542,240.0,1
W HARRISON ST BETWEEN 3RD AVE W AND 4TH AVE W,Uptown,0.34,0.543,13.0,0,14,0,-1.518,-0.75,-2.0,10,decrease,,47.622126065,-122.361297265,240.0,2
W HARRISON ST BETWEEN 4TH AVE W AND ELLIOTT AVE W,Uptown,0.07,0.25,2.0,0,14,0,-2.0,-2.0,-2.0,19,decrease,,47.62207583,-122.36222526,240.0,1
W HARRISON ST BETWEEN QUEEN ANNE AVE N AND 1ST AVE W,Uptown,0.254,0.453,6.0,0,14,0,-1.804,-1.0,-2.0,19,decrease,,47.62205051,-122.35736855,240.0,1
W JOHN ST BETWEEN 1ST AVE W AND 2ND AVE W,Uptown,0.316,0.455,10.0,0,14,0,-1.607,-1.0,-2.0,12,decrease,,47.61978224,-122.358703395,240.0,2
W JOHN ST BETWEEN QUEEN ANNE AVE N AND 1ST AVE W,Uptown,0.273,0.425,8.0,0,14,0,-1.857,-1.25,-2.0,19,decrease,,47.619775015,-122.35741788,240.0,2
W MERCER ST BETWEEN 1ST AVE W AND 2ND AVE W,Uptown,0.207,0.454,12.0,0,14,0,-1.911,-1.0,-2.0,19,decrease,,47.624588445,-122.35864636,240.0,2
W MERCER ST BETWEEN 2ND AVE W AND 3RD AVE W,Uptown,0.277,0.427,11.0,0,14,0,-1.804,-1.25,-2.0,19,decrease,,47.62459538,-122.359972825,240.0,2
W MERCER ST BETWEEN QUEEN ANNE AVE N AND 1ST AVE W,Uptown,0.36,0.7,6.0,0,14,0,-1.482,-0.25,-2.0,19,decrease,,47.624585275,-122.35736044,120.0,2
W REPUBLICAN ST BETWEEN 1ST AVE W AND 2ND AVE W,Uptown,0.326,0.673,8.0,0,14,0,-1.607,-0.25,-2.0,19,decrease,,47.62324243,-122.35868143,240.0,1
W REPUBLICAN ST BETWEEN 2ND AVE W AND 3RD AVE W,Uptown,0.205,0.295,8.0,0,14,0,-2.0,-2.0,-2.0,19,decrease,,47.623287965,-122.35998324,240.0,2
W REPUBLICAN ST BETWEEN 3RD AVE W AND 4TH AVE W,Uptown,0.318,0.525,1.0,0,14,0,-1.679,-0.75,-2.0,14,decrease,,47.62325752,-122.36128949,120.0,1
W REPUBLICAN ST BETWEEN QUEEN ANNE AVE N AND 1ST AVE W,Uptown,0.418,0.798,9.0,0,13,1,-1.25,0.0,-2.0,19,decrease,,47.623279185,-122.35739727,120.0,2
W ROY ST BETWEEN 1ST AVE W AND 2ND AVE W,Uptown,0.262,0.427,4.0,0,14,0,-1.804,-1.25,-2.0,19,decrease,,47.62578127,-122.35863819,240.0,1
W ROY ST BETWEEN QUEEN ANNE AVE N AND 1ST AVE W,Uptown,0.156,0.255,6.0,0,14,0,-2.0,-2.0,-2.0,13,decrease,,47.62577671,-122.35741855,240.0,1
W THOMAS ST BETWEEN 1ST AVE W AND 2ND AVE W,Uptown,0.194,0.45,17.0,0,14,0,-1.893,-1.0,-2.0,19,decrease,,47.62094843,-122.358694795,240.0,2
W THOMAS ST BETWEEN 2ND AVE W AND 3RD AVE W,Uptown,0.313,0.532,14.0,0,14,0,-1.661,-0.75,-2.0,19,decrease,,47.62095314,-122.359999945,240.0,2
W THOMAS ST BETWEEN 3RD AVE W AND ELLIOTT N AVE W,Uptown,0.17,0.274,3.0,0,14,0,-2.0,-2.0,-2.0,13,decrease,,47.620958505,-122.360966285,240.0,2
W THOMAS ST BETWEEN QUEEN ANNE AVE N AND 1ST AVE W,Uptown,0.364,0.606,6.0,0,14,0,-1.375,-0.25,-2.0,17,decrease,,47.62097928,-122.3573892,240.0,1
WARREN AVE N BETWEEN DENNY WAY AND JOHN ST,Uptown,0.399,0.74,12.0,0,13,1,-1.196,0.0,-2.0,12,decrease,,47.61918743,-122.35422373,240.0,1
WARREN AVE N BETWEEN JOHN ST AND THOMAS ST,Uptown,0.305,0.738,25.0,0,11,3,-1.375,0.0,-2.0,13,decrease,,47.62033638,-122.354133235,240.0,2
WARREN AVE N BETWEEN MERCER ST AND ROY ST,Uptown,0.507,0.971,3.0,2,11,1,-0.982,0.5,-2.0,19,decrease,,47.62499505,-122.35409506,240.0,2
WARREN AVE N BETWEEN REPUBLICAN ST AND MERCER ST,Uptown,0.477,0.66,19.0,0,14,0,-0.857,-0.25,-2.0,19,decrease,,47.623888975,-122.354110105,240.0,2
4TH AVE N BETWEEN DENNY WAY AND BROAD ST,Uptown Triangle,0.582,0.644,10.0,0,10,0,-0.5,-0.25,-1.25,15,decrease,,47.61910456,-122.348915515,240.0,2
5TH AVE N BETWEEN JOHN ST AND BROAD ST,Uptown Triangle,0.296,0.547,3.0,0,10,0,-1.7,-0.75,-2.0,17,decrease,,47.62015028,-122.34771286,240.0,1
6TH AVE N BETWEEN DENNY WAY AND JOHN ST,Uptown Triangle,0.49,0.543,18.0,0,10,0,-0.95,-0.75,-1.5,11,decrease,,47.619162315,-122.345006305,600.0,2
6TH AVE N BETWEEN JOHN ST AND THOMAS ST,Uptown Triangle,0.577,0.797,34.0,0,6,4,-0.65,0.0,-1.75,13,decrease,,47.62031471,-122.344991015,600.0,2
BROAD ST BETWEEN DENNY WAY AND 4TH AVE N,Uptown Triangle,0.85,0.972,14.0,8,2,0,0.1,0.5,-1.5,15,hold,,47.61915913,-122.349603785,240.0,2
BROAD ST BETWEEN JOHN ST AND 5TH AVE N,Uptown Triangle,0.629,0.836,5.0,0,6,4,-0.45,0.0,-1.75,15,decrease,,47.62018289,-122.348136,240.0,1
JOHN ST BETWEEN 5TH AVE N AND TAYLOR AVE N,Uptown Triangle,0.534,0.651,14.0,0,10,0,-0.725,-0.25,-1.75,13,decrease,,47.61973701,-122.34696046,240.0,2
JOHN ST BETWEEN 6TH AVE N AND 7TH SB AVE N,Uptown Triangle,0.399,0.482,7.0,0,10,0,-1.375,-1.0,-2.0,13,decrease,,47.619727765,-122.34441665,600.0,2
JOHN ST BETWEEN BROAD ST AND 5TH AVE N,Uptown Triangle,0.569,0.652,5.0,0,10,0,-0.55,-0.25,-1.25,15,decrease,,47.61980447,-122.34817375,600.0,1
JOHN ST BETWEEN TAYLOR AVE N AND 6TH AVE N,Uptown Triangle,0.742,0.939,9.0,3,5,2,-0.125,0.25,-0.75,14,hold,,47.619732375,-122.345679725,600.0,2
TAYLOR AVE N BETWEEN DENNY WAY AND JOHN ST,Uptown Triangle,0.618,0.763,13.0,0,6,4,-0.475,0.0,-1.5,14,decrease,,47.6191516,-122.34630513,600.0,2
TAYLOR AVE N BETWEEN JOHN ST AND THOMAS ST,Uptown Triangle,0.588,0.719,34.0,0,8,2,-0.5,0.0,-1.75,14,decrease,,47.620313865,-122.346291175,600.0,2
TAYLOR AVE N BETWEEN THOMAS ST AND HARRISON ST,Uptown Triangle,0.459,0.608,26.0,0,10,0,-1.05,-0.25,-2.0,12,decrease,,47.62150813,-122.346256935,240.0,2
WESTLAKE EAST RDWY AVE N BETWEEN ALOHA ST AND WESTLAKE SHORE RDWY AVE N,Westlake Ave N,0.733,0.933,54.0,2,3,2,-0.214,0.25,-1.5,12,hold,South,47.628047655,-122.34002527,240.0,2
WESTLAKE EAST RDWY AVE N BETWEEN BLAINE ST AND HOWE ST,Westlake Ave N,0.173,0.228,37.0,0,7,0,-2.0,-2.0,-2.0,11,decrease,North,47.6349529,-122.34020405,120.0,2
WESTLAKE EAST RDWY AVE N BETWEEN COMSTOCK ST AND GALER ST,Westlake Ave N,0.513,0.638,90.0,0,7,0,-0.821,-0.25,-1.75,14,decrease,South,47.63169434,-122.340754785,4320.0,2
WESTLAKE EAST RDWY AVE N BETWEEN CROCKETT ST AND MCGRAW ST,Westlake Ave N,0.126,0.18,99.0,0,7,0,-2.0,-2.0,-2.0,14,decrease,North,47.63884552,-122.341008575,4320.0,2
WESTLAKE EAST RDWY AVE N BETWEEN GALER ST AND WESTLAKE SHORE RDWY 1 AVE N,Westlake Ave N,0.308,0.343,52.0,0,7,0,-1.821,-1.75,-2.0,14,decrease,North,47.63298653,-122.34048057,4320.0,2
WESTLAKE EAST RDWY AVE N BETWEEN HIGHLAND DR AND COMSTOCK ST,Westlake Ave N,0.721,0.787,47.0,0,1,6,-0.071,0.0,-0.5,13,hold,South,47.630320725,-122.34076047,4320.0,2
WESTLAKE EAST RDWY AVE N BETWEEN HOWE ST AND NEWTON ST,Westlake Ave N,0.091,0.119,93.0,0,7,0,-2.0,-2.0,-2.0,14,decrease,North,47.63583458,-122.34022328,120.0,2
WESTLAKE EAST RDWY AVE N BETWEEN NEWTON ST AND WESTLAKE SHORE RDWY 3 AVE N,Westlake Ave N,0.175,0.224,35.0,0,7,0,-2.0,-2.0,-2.0,13,decrease,North,47.636758795000006,-122.34021802,4320.0,2
WESTLAKE EAST RDWY AVE N BETWEEN WESTLAKE SHORE RDWY 1 AVE N AND WESTLAKE SHORE RDWY 2 AVE N,Westlake Ave N,0.308,0.41,38.0,0,7,0,-1.75,-1.25,-2.0,11,decrease,North,47.63375492,-122.340252785,4320.0,2
WESTLAKE EAST RDWY AVE N BETWEEN WESTLAKE SHORE RDWY 2 AVE N AND BLAINE ST,Westlake Ave N,0.501,0.555,35.0,0,7,0,-0.821,-0.5,-1.25,10,decrease,North,47.63431689,-122.34018759,4320.0,2
WESTLAKE EAST RDWY AVE N BETWEEN WESTLAKE SHORE RDWY 3 AVE N AND CROCKETT ST,Westlake Ave N,0.228,0.29,49.0,0,7,0,-2.0,-2.0,-2.0,14,decrease,North,47.637586935,-122.340352095,4320.0,2
WESTLAKE EAST RDWY AVE N BETWEEN WESTLAKE SHORE RDWY AVE N AND HIGHLAND DR,Westlake Ave N,0.462,0.796,72.0,0,5,3,-0.906,0.0,-2.0,13,decrease,South,47.62913511,-122.34069982,240.0,2
