rmse,mae,r2,n_test,n_train,best_iteration,trained_at,n_features
0.052253322156198524,0.03140036131621981,0.9112236839861036,17497,69987,2067,2026-06-24T22:34:08.279214,24
