rmse,mae,r2,n_test,n_train,best_iteration,trained_at,n_features
0.037094706591977444,0.02791446178986605,0.9577769913284468,73,291,499,2026-06-23T19:44:20.813955,24
