rmse,mae,r2,n_test,n_train,best_iteration,trained_at,n_features
0.047824160933425626,0.028728221489705563,0.9233140242952623,20198,80792,2546,2026-06-25T01:11:12.576978,24
