rmse,mae,r2,n_test,n_train,best_iteration,trained_at,n_features
0.04453690615793292,0.026002265579229716,0.9290900034817332,5473,21892,1567,2026-06-24T21:07:27.028308,24
